"ID_RSU";"bdtopo.2.2";"LCZ_UNIQUENESS_VALUE";"ID_RSU.1";"osm";"LCZ_UNIQUENESS_VALUE.1";"area";"location";"agree"
335;"105";NA;154;"9";1;26.5512504149228;"No specified Location";FALSE
316;"101";NA;154;"9";1;31.4739174817223;"No specified Location";FALSE
328;"101";NA;154;"9";1;196.076566432021;"No specified Location";FALSE
337;"104";NA;154;"9";1;2139.82736364834;"No specified Location";FALSE
394;"9";1;193;"9";0.898824426123212;21.0524918970186;"No specified Location";TRUE
397;"9";1;193;"9";0.898824426123212;9237.6678216611;"No specified Location";TRUE
409;"101";NA;193;"9";0.898824426123212;1102.44737067568;"No specified Location";FALSE
286;"102";NA;193;"9";0.898824426123212;7.31316147046164;"No specified Location";FALSE
454;"9";0.4337390374285;193;"9";0.898824426123212;144.02581978729;"No specified Location";TRUE
421;"101";NA;193;"9";0.898824426123212;3.56495012459345;"No specified Location";FALSE
396;"9";1;194;"9";0.249905164576513;16.5690156996716;"No specified Location";TRUE
394;"9";1;194;"9";0.249905164576513;12695.2520639139;"No specified Location";TRUE
397;"9";1;194;"9";0.249905164576513;21.9774997385102;"No specified Location";TRUE
337;"104";NA;194;"9";0.249905164576513;1.4091262971051;"No specified Location";FALSE
286;"102";NA;194;"9";0.249905164576513;0.186641134147067;"No specified Location";FALSE
454;"9";0.4337390374285;194;"9";0.249905164576513;190.913069658913;"No specified Location";TRUE
440;"9";0.666007687843215;194;"9";0.249905164576513;34199.6652018973;"No specified Location";TRUE
543;"9";0.564072656142617;194;"9";0.249905164576513;12.3912720859516;"No specified Location";TRUE
489;"105";NA;194;"9";0.249905164576513;61.137413957731;"No specified Location";FALSE
472;"105";NA;196;"9";1;35.4852999931754;"No specified Location";FALSE
482;"101";NA;196;"9";1;4.71920000045793;"No specified Location";FALSE
470;"104";NA;196;"9";1;165.800500007725;"No specified Location";FALSE
486;"105";NA;196;"9";1;34.078649997944;"No specified Location";FALSE
397;"9";1;196;"9";1;33.5844754148056;"No specified Location";TRUE
442;"101";NA;196;"9";1;32.6969951624051;"No specified Location";FALSE
439;"101";NA;196;"9";1;292.609773000237;"No specified Location";FALSE
409;"101";NA;196;"9";1;53.7488283292041;"No specified Location";FALSE
411;"105";NA;196;"9";1;151.410297553521;"No specified Location";FALSE
403;"105";NA;196;"9";1;290.661015490128;"No specified Location";FALSE
412;"107";NA;196;"9";1;119.839248343902;"No specified Location";FALSE
559;"101";NA;196;"9";1;52.0420567982655;"No specified Location";FALSE
553;"104";NA;196;"9";1;27.1995595009066;"No specified Location";FALSE
547;"107";NA;196;"9";1;29.2853224249557;"No specified Location";FALSE
539;"104";NA;196;"9";1;43.8232500061858;"No specified Location";FALSE
454;"9";0.4337390374285;196;"9";1;15560.2099605316;"No specified Location";TRUE
491;"101";NA;196;"9";1;5141.70710000582;"No specified Location";FALSE
492;"101";NA;196;"9";1;1055.81962099485;"No specified Location";FALSE
496;"101";NA;196;"9";1;149.513322420418;"No specified Location";FALSE
421;"101";NA;196;"9";1;4255.53240087396;"No specified Location";FALSE
440;"9";0.666007687843215;196;"9";1;10.2608583546535;"No specified Location";TRUE
564;"105";NA;196;"9";1;281.978335993961;"No specified Location";FALSE
575;"105";NA;196;"9";1;55.3076640084619;"No specified Location";FALSE
580;"101";NA;196;"9";1;8.940252318891;"No specified Location";FALSE
582;"102";NA;196;"9";1;1.4142759012102;"No specified Location";FALSE
583;"107";NA;196;"9";1;0.223201857999811;"No specified Location";FALSE
543;"9";0.564072656142617;196;"9";1;11.5076138416771;"No specified Location";TRUE
425;"102";NA;198;"9";0.605966222004417;132.278337494354;"No specified Location";FALSE
396;"9";1;198;"9";0.605966222004417;13527.4922334681;"No specified Location";TRUE
400;"105";NA;198;"9";0.605966222004417;1958.95578617882;"No specified Location";FALSE
405;"105";NA;198;"9";0.605966222004417;113.254462884972;"No specified Location";FALSE
402;"105";NA;198;"9";0.605966222004417;67.5530623369414;"No specified Location";FALSE
430;"105";NA;198;"9";0.605966222004417;8.65744661462668;"No specified Location";FALSE
465;"9";1;198;"9";0.605966222004417;13296.3460302069;"No specified Location";TRUE
394;"9";1;198;"9";0.605966222004417;8.64933717031954;"No specified Location";TRUE
440;"9";0.666007687843215;198;"9";0.605966222004417;35.5987429162888;"No specified Location";TRUE
489;"105";NA;198;"9";0.605966222004417;42.7928159753792;"No specified Location";FALSE
518;"9";0.80577474521471;198;"9";0.605966222004417;101.954524129163;"No specified Location";TRUE
317;"102";NA;203;"9";1;1.25953713199124;"No specified Location";FALSE
497;"6";0.196115506076856;203;"9";1;38.8466502401279;"No specified Location";FALSE
441;"9";1;203;"9";1;5403.97140286909;"No specified Location";TRUE
500;"6";0.238084361499886;203;"9";1;58.115632874702;"No specified Location";FALSE
562;"9";0.291669813158481;203;"9";1;121.67366597915;"No specified Location";TRUE
610;"105";NA;203;"9";1;608.280000010738;"No specified Location";FALSE
531;"9";0.567013665405127;203;"9";1;117.414378240093;"No specified Location";TRUE
444;"104";NA;203;"9";1;417.483659161458;"No specified Location";FALSE
537;"104";NA;203;"9";1;6587.66305347858;"No specified Location";FALSE
769;"105";NA;203;"9";1;890.33000001125;"No specified Location";FALSE
620;"8";NA;203;"9";1;228.265284640016;"No specified Location";FALSE
453;"9";1;203;"9";1;43268.1440155437;"No specified Location";TRUE
838;"3";0.06793028881648;203;"9";1;9.92227750626625;"No specified Location";FALSE
748;"6";0.213118522713949;203;"9";1;12.441280095758;"No specified Location";FALSE
424;"9";1;206;"6";0.018994385710894;5962.71666305384;"No specified Location";FALSE
418;"101";NA;206;"6";0.018994385710894;2.75543035357259;"No specified Location";FALSE
483;"9";1;206;"6";0.018994385710894;10.200841090118;"No specified Location";FALSE
444;"104";NA;206;"6";0.018994385710894;4.81824455499009;"No specified Location";FALSE
312;"8";NA;207;"9";1;1.35984109144192;"No specified Location";FALSE
424;"9";1;207;"9";1;70.4212114184047;"No specified Location";TRUE
461;"105";NA;207;"9";1;790.964999997872;"No specified Location";FALSE
483;"9";1;207;"9";1;39.617699907627;"No specified Location";TRUE
558;"8";NA;207;"9";1;6.73216483036049;"No specified Location";FALSE
444;"104";NA;207;"9";1;47128.7582393307;"No specified Location";FALSE
589;"8";NA;207;"9";1;116.654646399358;"No specified Location";FALSE
721;"105";NA;207;"9";1;7.91054974542931;"No specified Location";FALSE
740;"105";NA;207;"9";1;572.262540396303;"No specified Location";FALSE
777;"3";0.484218592160539;207;"9";1;48.0692828400643;"No specified Location";FALSE
477;"9";0.920165357842559;211;"9";0.994618067427207;3546.7386258936;"No specified Location";TRUE
500;"6";0.238084361499886;211;"9";0.994618067427207;10.3278231229633;"No specified Location";FALSE
562;"9";0.291669813158481;211;"9";0.994618067427207;15.9562563863583;"No specified Location";TRUE
592;"6";0.590610461121593;211;"9";0.994618067427207;0.897728256648406;"No specified Location";FALSE
531;"9";0.567013665405127;211;"9";0.994618067427207;3.49797639426833;"No specified Location";TRUE
620;"8";NA;211;"9";0.994618067427207;0.0831385623896495;"No specified Location";FALSE
638;"9";0.0978120980482985;211;"9";0.994618067427207;74.4101049824731;"No specified Location";TRUE
662;"9";1;211;"9";0.994618067427207;17.1112176629249;"No specified Location";TRUE
574;"9";0.81923609073883;211;"9";0.994618067427207;14667.9790865006;"No specified Location";TRUE
424;"9";1;220;"9";0.629538325087819;11.9628328932449;"No specified Location";TRUE
418;"101";NA;220;"9";0.629538325087819;158.671372025798;"No specified Location";FALSE
483;"9";1;220;"9";0.629538325087819;14350.2798494937;"No specified Location";TRUE
558;"8";NA;220;"9";0.629538325087819;17.6279697847785;"No specified Location";FALSE
444;"104";NA;220;"9";0.629538325087819;69.3033027286638;"No specified Location";FALSE
477;"9";0.920165357842559;223;"6";0.724019866306409;3.41819152090466;"No specified Location";FALSE
497;"6";0.196115506076856;223;"6";0.724019866306409;965.543349757325;"No specified Location";TRUE
499;"6";0.0782548445173729;223;"6";0.724019866306409;275.120000000577;"No specified Location";TRUE
441;"9";1;223;"6";0.724019866306409;11.7618479542434;"No specified Location";FALSE
500;"6";0.238084361499886;223;"6";0.724019866306409;10152.0454914733;"No specified Location";TRUE
531;"9";0.567013665405127;223;"6";0.724019866306409;71.1126440213993;"No specified Location";FALSE
425;"102";NA;230;"6";0.46569971183266;28.2583306851811;"No specified Location";FALSE
465;"9";1;230;"6";0.46569971183266;3.93762556731235;"No specified Location";FALSE
440;"9";0.666007687843215;230;"6";0.46569971183266;46.904308855359;"No specified Location";FALSE
543;"9";0.564072656142617;230;"6";0.46569971183266;12.0578319753986;"No specified Location";FALSE
544;"8";NA;230;"6";0.46569971183266;0.00136239796120208;"No specified Location";FALSE
489;"105";NA;230;"6";0.46569971183266;2.83574280270841;"No specified Location";FALSE
518;"9";0.80577474521471;230;"6";0.46569971183266;9923.30579895852;"No specified Location";FALSE
477;"9";0.920165357842559;233;"6";0.257162252934841;29.455895367958;"No specified Location";FALSE
500;"6";0.238084361499886;233;"6";0.257162252934841;0.57259630470071;"No specified Location";TRUE
562;"9";0.291669813158481;233;"6";0.257162252934841;11160.9150776479;"No specified Location";FALSE
592;"6";0.590610461121593;233;"6";0.257162252934841;406.452271755785;"No specified Location";TRUE
531;"9";0.567013665405127;233;"6";0.257162252934841;10087.1900013457;"No specified Location";FALSE
693;"102";NA;233;"6";0.257162252934841;12.4579280116595;"No specified Location";FALSE
620;"8";NA;233;"6";0.257162252934841;21784.3233311954;"No specified Location";FALSE
453;"9";1;233;"6";0.257162252934841;145.544072806864;"No specified Location";FALSE
574;"9";0.81923609073883;233;"6";0.257162252934841;42.4413115795251;"No specified Location";FALSE
748;"6";0.213118522713949;233;"6";0.257162252934841;36.7103263473127;"No specified Location";TRUE
425;"102";NA;241;"6";0.258123622736349;5.59083671285771;"No specified Location";FALSE
440;"9";0.666007687843215;241;"6";0.258123622736349;74.3945959559642;"No specified Location";FALSE
580;"101";NA;241;"6";0.258123622736349;125.827759053282;"No specified Location";FALSE
582;"102";NA;241;"6";0.258123622736349;19.253493410768;"No specified Location";FALSE
730;"105";NA;241;"6";0.258123622736349;170.60998849824;"No specified Location";FALSE
543;"9";0.564072656142617;241;"6";0.258123622736349;94902.390907045;"No specified Location";FALSE
695;"6";0.665952915876931;241;"6";0.258123622736349;34.4615421180497;"No specified Location";TRUE
674;"6";1;241;"6";0.258123622736349;25.4231978892349;"No specified Location";TRUE
544;"8";NA;241;"6";0.258123622736349;15767.9986376227;"No specified Location";FALSE
518;"9";0.80577474521471;241;"6";0.258123622736349;69.4603991422337;"No specified Location";FALSE
541;"8";NA;241;"6";0.258123622736349;274.405485048366;"No specified Location";FALSE
418;"101";NA;253;"6";0.0606276060554452;0.365884696075227;"No specified Location";FALSE
558;"8";NA;253;"6";0.0606276060554452;2.37630787375383;"No specified Location";FALSE
444;"104";NA;253;"6";0.0606276060554452;75.9751868059539;"No specified Location";FALSE
589;"8";NA;253;"6";0.0606276060554452;36386.3892094926;"No specified Location";FALSE
587;"101";NA;253;"6";0.0606276060554452;291.333835169673;"No specified Location";FALSE
721;"105";NA;253;"6";0.0606276060554452;0.25730218514218;"No specified Location";FALSE
620;"8";NA;260;"6";0.722746863409091;50.1416678519454;"No specified Location";FALSE
638;"9";0.0978120980482985;260;"6";0.722746863409091;7416.52667213418;"No specified Location";FALSE
662;"9";1;260;"6";0.722746863409091;8.2836297773174;"No specified Location";FALSE
574;"9";0.81923609073883;260;"6";0.722746863409091;3.24187799874926;"No specified Location";FALSE
749;"102";NA;262;"9";1;918.340728150448;"No specified Location";FALSE
693;"102";NA;262;"9";1;5961.8026768798;"No specified Location";FALSE
620;"8";NA;262;"9";1;28.3517418201081;"No specified Location";FALSE
638;"9";0.0978120980482985;262;"9";1;68.3982228846294;"No specified Location";TRUE
662;"9";1;262;"9";1;2282.15516317775;"No specified Location";TRUE
574;"9";0.81923609073883;262;"9";1;0.0105416565056657;"No specified Location";TRUE
750;"6";0.865935720198607;262;"9";1;24.6252024823334;"No specified Location";FALSE
659;"105";NA;267;"6";0.629941844950683;40.6806622630684;"No specified Location";FALSE
652;"105";NA;267;"6";0.629941844950683;36.9746999638446;"No specified Location";FALSE
653;"6";0.242483851659319;267;"6";0.629941844950683;6551.23157838712;"No specified Location";TRUE
690;"105";NA;267;"6";0.629941844950683;331.938836909132;"No specified Location";FALSE
668;"6";0.301392971999253;267;"6";0.629941844950683;4633.29851617241;"No specified Location";TRUE
678;"105";NA;267;"6";0.629941844950683;160.24582093698;"No specified Location";FALSE
730;"105";NA;267;"6";0.629941844950683;110.106282965513;"No specified Location";FALSE
695;"6";0.665952915876931;267;"6";0.629941844950683;7037.44321526261;"No specified Location";TRUE
674;"6";1;267;"6";0.629941844950683;16.6613451967364;"No specified Location";TRUE
541;"8";NA;267;"6";0.629941844950683;40.3820882246946;"No specified Location";FALSE
548;"8";NA;267;"6";0.629941844950683;12.5919070734235;"No specified Location";FALSE
578;"8";NA;267;"6";0.629941844950683;2.45859099365771;"No specified Location";FALSE
690;"105";NA;272;"6";0.197460688003698;16.9411630847608;"No specified Location";FALSE
668;"6";0.301392971999253;272;"6";0.197460688003698;17.236483822111;"No specified Location";TRUE
695;"6";0.665952915876931;272;"6";0.197460688003698;74.9602426439524;"No specified Location";TRUE
674;"6";1;272;"6";0.197460688003698;3977.32930517429;"No specified Location";TRUE
541;"8";NA;272;"6";0.197460688003698;11.4517599572428;"No specified Location";FALSE
589;"8";NA;277;"9";0.942603365174284;126.726526034996;"No specified Location";FALSE
587;"101";NA;277;"9";0.942603365174284;7.78909729095176;"No specified Location";FALSE
585;"102";NA;277;"9";0.942603365174284;12.7140261625173;"No specified Location";FALSE
721;"105";NA;277;"9";0.942603365174284;1629.63937929273;"No specified Location";FALSE
724;"9";0.76939248388338;277;"9";0.942603365174284;23382.1574965995;"No specified Location";TRUE
740;"105";NA;277;"9";0.942603365174284;1310.52245959826;"No specified Location";FALSE
777;"3";0.484218592160539;277;"9";0.942603365174284;15.2305726513732;"No specified Location";FALSE
766;"6";0.588184586148547;277;"9";0.942603365174284;42.4951398858102;"No specified Location";FALSE
620;"8";NA;284;"6";0.196967570202272;13.8386058573378;"No specified Location";FALSE
453;"9";1;284;"6";0.196967570202272;41.569219573983;"No specified Location";FALSE
750;"6";0.865935720198607;284;"6";0.196967570202272;148.029301726863;"No specified Location";TRUE
808;"6";0.154323144578332;284;"6";0.196967570202272;12.2214442126742;"No specified Location";TRUE
855;"6";0.231417520382137;284;"6";0.196967570202272;0.0507427828915752;"No specified Location";TRUE
838;"3";0.06793028881648;284;"6";0.196967570202272;31.9940064968541;"No specified Location";FALSE
748;"6";0.213118522713949;284;"6";0.196967570202272;11610.9356734181;"No specified Location";TRUE
749;"102";NA;285;"6";0.819238125740683;73.90497392416;"No specified Location";FALSE
693;"102";NA;285;"6";0.819238125740683;1.50783414469333;"No specified Location";FALSE
620;"8";NA;285;"6";0.819238125740683;3.84123003661807;"No specified Location";FALSE
750;"6";0.865935720198607;285;"6";0.819238125740683;28500.0529496945;"No specified Location";TRUE
808;"6";0.154323144578332;285;"6";0.819238125740683;74.419134347183;"No specified Location";TRUE
778;"6";0.679941193855847;285;"6";0.819238125740683;153.773393408366;"No specified Location";TRUE
748;"6";0.213118522713949;285;"6";0.819238125740683;2.52501332928659;"No specified Location";TRUE
750;"6";0.865935720198607;290;"6";0.786257510733075;9.64240547633381;"No specified Location";TRUE
778;"6";0.679941193855847;290;"6";0.786257510733075;8515.60068501905;"No specified Location";TRUE
789;"2";0.770969802528575;292;"2";0.0874836010951696;27.9309944951674;"No specified Location";TRUE
774;"3";0.103621330209316;292;"2";0.0874836010951696;15.5297098221272;"No specified Location";FALSE
760;"3";0.0804379293873165;292;"2";0.0874836010951696;6847.88599784765;"No specified Location";FALSE
781;"3";0.614266038483175;292;"2";0.0874836010951696;56.9014692892088;"No specified Location";FALSE
793;"3";0.357225286031896;292;"2";0.0874836010951696;1027.16769680608;"No specified Location";FALSE
815;"2";0.661943608313663;292;"2";0.0874836010951696;1.54902725681313;"No specified Location";TRUE
648;"102";NA;292;"2";0.0874836010951696;65.0849549705163;"No specified Location";FALSE
759;"6";0.724080160697966;292;"2";0.0874836010951696;20.3665392769035;"No specified Location";FALSE
585;"102";NA;293;"2";0.69980631921934;22.4584063829388;"No specified Location";FALSE
724;"9";0.76939248388338;293;"2";0.69980631921934;34.4016090067162;"No specified Location";FALSE
795;"3";0.112250552401753;293;"2";0.69980631921934;2.59351123258421;"No specified Location";FALSE
777;"3";0.484218592160539;293;"2";0.69980631921934;45.9046768061817;"No specified Location";FALSE
766;"6";0.588184586148547;293;"2";0.69980631921934;5838.20245557884;"No specified Location";FALSE
784;"3";0.439755416722961;293;"2";0.69980631921934;5.6184940679741;"No specified Location";FALSE
779;"105";NA;293;"2";0.69980631921934;13.7799784017261;"No specified Location";FALSE
724;"9";0.76939248388338;295;"2";0.50956550334667;50.0323639875278;"No specified Location";FALSE
777;"3";0.484218592160539;295;"2";0.50956550334667;7297.73577042785;"No specified Location";FALSE
789;"2";0.770969802528575;297;"2";0.973734660924762;2158.17359496932;"No specified Location";TRUE
774;"3";0.103621330209316;297;"2";0.973734660924762;4042.85971301375;"No specified Location";FALSE
648;"102";NA;297;"2";0.973734660924762;67.5574845271185;"No specified Location";FALSE
795;"3";0.112250552401753;302;"2";0.640583850022921;6.73156498312892;"No specified Location";FALSE
766;"6";0.588184586148547;302;"2";0.640583850022921;22.102061228361;"No specified Location";FALSE
784;"3";0.439755416722961;302;"2";0.640583850022921;6460.01182434987;"No specified Location";FALSE
844;"3";0.487496805806359;302;"2";0.640583850022921;1.4896985155292;"No specified Location";FALSE
834;"3";0.268302499094678;302;"2";0.640583850022921;15.0130121237598;"No specified Location";FALSE
841;"2";0.551379264729076;302;"2";0.640583850022921;40.8651213166595;"No specified Location";TRUE
775;"105";NA;302;"2";0.640583850022921;20.7748686196283;"No specified Location";FALSE
779;"105";NA;302;"2";0.640583850022921;37.4486970885191;"No specified Location";FALSE
776;"105";NA;303;"2";0.47658078622398;7.72133157332428;"No specified Location";FALSE
782;"2";0.514309522953129;303;"2";0.47658078622398;1627.38200239791;"No specified Location";TRUE
774;"3";0.103621330209316;303;"2";0.47658078622398;45.5989042241417;"No specified Location";FALSE
648;"102";NA;303;"2";0.47658078622398;7.23306108737597;"No specified Location";FALSE
760;"3";0.0804379293873165;304;"2";0.272522341857065;11.5224379840656;"No specified Location";FALSE
781;"3";0.614266038483175;304;"2";0.272522341857065;2313.20791349025;"No specified Location";FALSE
793;"3";0.357225286031896;304;"2";0.272522341857065;0.39629110514943;"No specified Location";FALSE
815;"2";0.661943608313663;304;"2";0.272522341857065;0.41609251324553;"No specified Location";TRUE
791;"3";0.0385306775516107;304;"2";0.272522341857065;7.17675746808527;"No specified Location";FALSE
759;"6";0.724080160697966;304;"2";0.272522341857065;15.8666460934401;"No specified Location";FALSE
750;"6";0.865935720198607;305;"6";0.241879873675539;0.0575415752027766;"No specified Location";TRUE
808;"6";0.154323144578332;305;"6";0.241879873675539;2504.33479664568;"No specified Location";TRUE
855;"6";0.231417520382137;305;"6";0.241879873675539;16.5654562828131;"No specified Location";TRUE
795;"3";0.112250552401753;306;"2";0.977652034419948;5294.30350774596;"No specified Location";FALSE
777;"3";0.484218592160539;306;"2";0.977652034419948;109.975160382688;"No specified Location";FALSE
766;"6";0.588184586148547;306;"2";0.977652034419948;4.25929875555448;"No specified Location";FALSE
784;"3";0.439755416722961;306;"2";0.977652034419948;15.0125005424488;"No specified Location";FALSE
781;"3";0.614266038483175;307;"2";0.790490657612173;31.4756172234192;"No specified Location";FALSE
815;"2";0.661943608313663;307;"2";0.790490657612173;320.536253347527;"No specified Location";TRUE
804;"2";0.870572729387367;307;"2";0.790490657612173;503.159622512292;"No specified Location";TRUE
791;"3";0.0385306775516107;307;"2";0.790490657612173;879.82149941544;"No specified Location";FALSE
759;"6";0.724080160697966;307;"2";0.790490657612173;1.44636240627369;"No specified Location";FALSE
855;"6";0.231417520382137;309;"2";0.566029849888955;2.93395190266892;"No specified Location";FALSE
838;"3";0.06793028881648;309;"2";0.566029849888955;1516.85445703007;"No specified Location";FALSE
748;"6";0.213118522713949;309;"2";0.566029849888955;9.94270678143948;"No specified Location";FALSE
444;"104";NA;311;"5";0.247161096850861;77.7232152707456;"No specified Location";FALSE
832;"105";NA;311;"5";0.247161096850861;790.278348652646;"No specified Location";FALSE
848;"2";0.32348453572655;311;"5";0.247161096850861;1.91381026492309;"No specified Location";FALSE
850;"2";0.572496835848959;311;"5";0.247161096850861;157.100065535808;"No specified Location";FALSE
795;"3";0.112250552401753;311;"5";0.247161096850861;25.3991373345489;"No specified Location";FALSE
777;"3";0.484218592160539;311;"5";0.247161096850861;0.864536901179235;"No specified Location";FALSE
808;"6";0.154323144578332;313;"6";0.517300086049073;16.4073203629814;"No specified Location";TRUE
855;"6";0.231417520382137;313;"6";0.517300086049073;453.770927932012;"No specified Location";TRUE
444;"104";NA;314;"2";0.434725045652968;27.7571617944632;"No specified Location";FALSE
832;"105";NA;314;"2";0.434725045652968;0.392552163248183;"No specified Location";FALSE
848;"2";0.32348453572655;314;"2";0.434725045652968;267.761042341968;"No specified Location";TRUE
784;"3";0.439755416722961;316;"2";0.780840215585239;55.6622609968763;"No specified Location";FALSE
834;"3";0.268302499094678;316;"2";0.780840215585239;173.331076905597;"No specified Location";FALSE
841;"2";0.551379264729076;316;"2";0.780840215585239;0.586335195315769;"No specified Location";TRUE
841;"2";0.551379264729076;320;"2";0.974168440201033;3.62152505828999;"No specified Location";TRUE
774;"3";0.103621330209316;124;"8";NA;32.0069999848492;"No specified Location";FALSE
760;"3";0.0804379293873165;124;"8";NA;16.8115641563199;"No specified Location";FALSE
791;"3";0.0385306775516107;124;"8";NA;20.4170681367395;"No specified Location";FALSE
680;"8";NA;124;"8";NA;23138.2843271066;"No specified Location";TRUE
689;"101";NA;124;"8";NA;343.053234512918;"No specified Location";FALSE
659;"105";NA;124;"8";NA;67.3093377384357;"No specified Location";FALSE
647;"105";NA;124;"8";NA;44.2178363557905;"No specified Location";FALSE
652;"105";NA;124;"8";NA;53.5401847932371;"No specified Location";FALSE
653;"6";0.242483851659319;124;"8";NA;17.465588142979;"No specified Location";FALSE
743;"105";NA;124;"8";NA;773.409999995492;"No specified Location";FALSE
744;"8";0.940209137927258;124;"8";NA;3045.18500000704;"No specified Location";TRUE
648;"102";NA;124;"8";NA;8300.23728939367;"No specified Location";FALSE
751;"9";1;124;"8";NA;8038.20945192873;"No specified Location";FALSE
759;"6";0.724080160697966;124;"8";NA;4837.28202358773;"No specified Location";FALSE
678;"105";NA;124;"8";NA;3797.13417904731;"No specified Location";FALSE
730;"105";NA;124;"8";NA;2.98872853838839;"No specified Location";FALSE
761;"105";NA;124;"8";NA;7.14623384503648;"No specified Location";FALSE
543;"9";0.564072656142617;124;"8";NA;107.761710942126;"No specified Location";FALSE
578;"8";NA;124;"8";NA;1494.46415330633;"No specified Location";TRUE
349;"104";NA;124;"8";NA;4911.17050547525;"No specified Location";FALSE
194;"107";NA;124;"8";NA;1586.98048198564;"No specified Location";FALSE
307;"102";NA;135;"8";NA;286.432358747814;"No specified Location";FALSE
312;"8";NA;135;"8";NA;22510.7100191141;"No specified Location";TRUE
361;"9";0.850520099826412;135;"8";NA;2884.65905310074;"No specified Location";FALSE
339;"102";NA;135;"8";NA;985.777988311485;"No specified Location";FALSE
424;"9";1;135;"8";NA;32.3798858462833;"No specified Location";FALSE
418;"101";NA;135;"8";NA;1.28497269353829;"No specified Location";FALSE
444;"104";NA;135;"8";NA;6.2897808553098;"No specified Location";FALSE
425;"102";NA;242;"8";NA;94.8963392832993;"No specified Location";FALSE
653;"6";0.242483851659319;242;"8";NA;18.3897096188157;"No specified Location";FALSE
543;"9";0.564072656142617;242;"8";NA;86.0356295872189;"No specified Location";FALSE
674;"6";1;242;"8";NA;39.0611517494544;"No specified Location";FALSE
541;"8";NA;242;"8";NA;74045.0815044027;"No specified Location";TRUE
548;"8";NA;242;"8";NA;55.7822273362981;"No specified Location";TRUE
647;"105";NA;246;"8";NA;25.0376359043512;"No specified Location";FALSE
652;"105";NA;246;"8";NA;41.6051152419095;"No specified Location";FALSE
653;"6";0.242483851659319;246;"8";NA;6.01812385208905;"No specified Location";FALSE
541;"8";NA;246;"8";NA;17.7591779733775;"No specified Location";TRUE
548;"8";NA;246;"8";NA;15232.5707212257;"No specified Location";TRUE
578;"8";NA;246;"8";NA;0.0292298339554691;"No specified Location";TRUE
60;"102";NA;39;"104";NA;1586.16250223664;"No specified Location";FALSE
32;"104";NA;39;"104";NA;86642.3985121059;"No specified Location";TRUE
221;"102";NA;39;"104";NA;0.0818488587101456;"No specified Location";FALSE
301;"101";NA;39;"104";NA;372.447709691565;"No specified Location";FALSE
60;"102";NA;45;"104";NA;79488.0855065933;"No specified Location";FALSE
32;"104";NA;45;"104";NA;12830.1041707258;"No specified Location";TRUE
301;"101";NA;45;"104";NA;16.5054334945453;"No specified Location";FALSE
168;"104";NA;46;"104";NA;109.167487261817;"No specified Location";TRUE
397;"9";1;46;"104";NA;30.8547031865455;"No specified Location";FALSE
411;"105";NA;46;"104";NA;0.957685350738757;"No specified Location";FALSE
403;"105";NA;46;"104";NA;2.80688451378956;"No specified Location";FALSE
337;"104";NA;46;"104";NA;0.0339171860832721;"No specified Location";TRUE
260;"104";NA;46;"104";NA;0.0854328077984974;"No specified Location";TRUE
315;"104";NA;46;"104";NA;16.3945949996123;"No specified Location";TRUE
313;"105";NA;46;"104";NA;5.5546989995637;"No specified Location";FALSE
305;"101";NA;46;"104";NA;4.11617699981434;"No specified Location";FALSE
298;"105";NA;46;"104";NA;8.83127124785096;"No specified Location";FALSE
276;"101";NA;46;"104";NA;301.531490392983;"No specified Location";FALSE
299;"104";NA;46;"104";NA;76.453500436779;"No specified Location";TRUE
290;"101";NA;46;"104";NA;185.914805004155;"No specified Location";FALSE
282;"105";NA;46;"104";NA;84.9909460020717;"No specified Location";FALSE
287;"107";NA;46;"104";NA;8.73241752019385;"No specified Location";FALSE
286;"102";NA;46;"104";NA;8075.45463701664;"No specified Location";FALSE
320;"102";NA;46;"104";NA;844.079748240008;"No specified Location";FALSE
323;"107";NA;46;"104";NA;198.798961398483;"No specified Location";FALSE
32;"104";NA;47;"104";NA;88962.8774406645;"No specified Location";TRUE
172;"107";NA;73;"104";NA;14.6288001811481;"No specified Location";FALSE
110;"107";NA;73;"104";NA;0.250574784033233;"No specified Location";FALSE
60;"102";NA;73;"104";NA;3340.59782533534;"No specified Location";FALSE
105;"107";NA;73;"104";NA;20828.5279195316;"No specified Location";FALSE
209;"104";NA;73;"104";NA;26.7691038412813;"No specified Location";TRUE
110;"107";NA;74;"107";NA;53.2099183863029;"No specified Location";TRUE
105;"107";NA;74;"107";NA;353.052820554876;"No specified Location";TRUE
172;"107";NA;86;"107";NA;20.1469706499483;"No specified Location";TRUE
60;"102";NA;86;"107";NA;5.32164431444835;"No specified Location";FALSE
209;"104";NA;86;"107";NA;3.79344320413657;"No specified Location";FALSE
32;"104";NA;107;"102";NA;414.42156946461;"No specified Location";FALSE
268;"105";NA;107;"102";NA;3464.65885001468;"No specified Location";FALSE
227;"104";NA;107;"102";NA;16342.1900012941;"No specified Location";FALSE
277;"105";NA;107;"102";NA;2999.28000000026;"No specified Location";FALSE
279;"105";NA;107;"102";NA;1905.74999998929;"No specified Location";FALSE
221;"102";NA;107;"102";NA;22463.7023002654;"No specified Location";TRUE
338;"102";NA;107;"102";NA;83.6877355605466;"No specified Location";TRUE
344;"104";NA;107;"102";NA;37.9631700650789;"No specified Location";FALSE
314;"105";NA;107;"102";NA;1061.34201111621;"No specified Location";FALSE
337;"104";NA;107;"102";NA;159.5928076813;"No specified Location";FALSE
168;"104";NA;109;"101";NA;113.708908923145;"No specified Location";FALSE
60;"102";NA;109;"101";NA;17264.9189931643;"No specified Location";FALSE
32;"104";NA;109;"101";NA;188.648941549938;"No specified Location";FALSE
316;"101";NA;109;"101";NA;66.2204442502116;"No specified Location";TRUE
301;"101";NA;109;"101";NA;311.181712531252;"No specified Location";TRUE
321;"105";NA;109;"101";NA;15.7332464231176;"No specified Location";FALSE
291;"101";NA;109;"101";NA;76.0536220418289;"No specified Location";TRUE
260;"104";NA;109;"101";NA;449.010981565341;"No specified Location";FALSE
273;"105";NA;109;"101";NA;16.0788595333579;"No specified Location";FALSE
276;"101";NA;109;"101";NA;200.641233885577;"No specified Location";TRUE
274;"104";NA;109;"101";NA;1.23173199992016;"No specified Location";FALSE
271;"105";NA;109;"101";NA;6.00137544353493;"No specified Location";FALSE
286;"102";NA;109;"101";NA;0.130884284619242;"No specified Location";FALSE
60;"102";NA;114;"104";NA;888.772448228992;"No specified Location";FALSE
260;"104";NA;114;"104";NA;3682.48421280162;"No specified Location";TRUE
263;"101";NA;114;"104";NA;23.9467499939055;"No specified Location";FALSE
273;"105";NA;114;"104";NA;126.276040463737;"No specified Location";FALSE
298;"105";NA;114;"104";NA;0.00237875183529468;"No specified Location";FALSE
276;"101";NA;114;"104";NA;0.222376641862866;"No specified Location";FALSE
286;"102";NA;114;"104";NA;74.8335940438556;"No specified Location";FALSE
168;"104";NA;118;"101";NA;77.3619467020035;"No specified Location";FALSE
276;"101";NA;118;"101";NA;314.632072080858;"No specified Location";TRUE
411;"105";NA;120;"107";NA;0.13469177611114;"No specified Location";FALSE
299;"104";NA;120;"107";NA;102.859299562639;"No specified Location";FALSE
287;"107";NA;120;"107";NA;938.936303003575;"No specified Location";TRUE
307;"102";NA;120;"107";NA;126.176680773089;"No specified Location";FALSE
286;"102";NA;120;"107";NA;0.00224157440970885;"No specified Location";FALSE
320;"102";NA;120;"107";NA;104.313535753172;"No specified Location";FALSE
323;"107";NA;120;"107";NA;4632.79401067575;"No specified Location";TRUE
339;"102";NA;120;"107";NA;2.65499325560813;"No specified Location";FALSE
412;"107";NA;120;"107";NA;3.92483686568812;"No specified Location";TRUE
60;"102";NA;130;"101";NA;42.1253243545616;"No specified Location";FALSE
316;"101";NA;130;"101";NA;47.7842111314894;"No specified Location";TRUE
324;"105";NA;130;"101";NA;2.33935472435405;"No specified Location";FALSE
291;"101";NA;130;"101";NA;1398.93556922779;"No specified Location";TRUE
260;"104";NA;130;"101";NA;2.67807284556329;"No specified Location";FALSE
286;"102";NA;130;"101";NA;1137.47606707535;"No specified Location";FALSE
307;"102";NA;131;"105";NA;157.582125611429;"No specified Location";FALSE
361;"9";0.850520099826412;131;"105";NA;194.337746923324;"No specified Location";FALSE
323;"107";NA;131;"105";NA;295.685171457793;"No specified Location";FALSE
339;"102";NA;131;"105";NA;1403.37272238918;"No specified Location";FALSE
412;"107";NA;131;"105";NA;0.243161799066002;"No specified Location";FALSE
417;"101";NA;131;"105";NA;0.844683488921874;"No specified Location";FALSE
418;"101";NA;131;"105";NA;0.31584477661454;"No specified Location";FALSE
317;"102";NA;136;"104";NA;195.287858123003;"No specified Location";FALSE
312;"8";NA;136;"104";NA;160.093426991254;"No specified Location";FALSE
334;"101";NA;139;"104";NA;15.9370672722871;"No specified Location";FALSE
337;"104";NA;139;"104";NA;10.9807239988004;"No specified Location";TRUE
291;"101";NA;139;"104";NA;45.9601587253856;"No specified Location";FALSE
286;"102";NA;139;"104";NA;25164.3949094312;"No specified Location";FALSE
32;"104";NA;143;"101";NA;64.4078448601067;"No specified Location";FALSE
316;"101";NA;143;"101";NA;0.775476452661678;"No specified Location";TRUE
301;"101";NA;143;"101";NA;304.849006067961;"No specified Location";TRUE
316;"101";NA;144;"101";NA;647.857366079465;"No specified Location";TRUE
321;"105";NA;144;"101";NA;6.79145907645579;"No specified Location";FALSE
335;"105";NA;147;"104";NA;304.617545999354;"No specified Location";FALSE
340;"104";NA;147;"104";NA;0.0133044404792599;"No specified Location";TRUE
316;"101";NA;147;"104";NA;483.379489551065;"No specified Location";FALSE
337;"104";NA;147;"104";NA;3.79280354268849;"No specified Location";TRUE
316;"101";NA;149;"101";NA;14.6925227165921;"No specified Location";TRUE
328;"101";NA;149;"101";NA;51.4500248667318;"No specified Location";TRUE
301;"101";NA;149;"101";NA;0.468564921437064;"No specified Location";TRUE
316;"101";NA;151;"101";NA;29.8858335183468;"No specified Location";TRUE
328;"101";NA;151;"101";NA;34.59438029374;"No specified Location";TRUE
221;"102";NA;153;"104";NA;27.6817199680681;"No specified Location";FALSE
392;"105";NA;153;"104";NA;35.7605805167987;"No specified Location";FALSE
344;"104";NA;153;"104";NA;3.28124588718492;"No specified Location";TRUE
328;"101";NA;153;"104";NA;1927.25584165762;"No specified Location";FALSE
337;"104";NA;153;"104";NA;39080.3554268335;"No specified Location";TRUE
301;"101";NA;153;"104";NA;6.84063810377847;"No specified Location";FALSE
337;"104";NA;160;"105";NA;193.594024899416;"No specified Location";FALSE
227;"104";NA;161;"104";NA;27.5120987060945;"No specified Location";TRUE
221;"102";NA;161;"104";NA;30.2188615262785;"No specified Location";FALSE
425;"102";NA;161;"104";NA;4.16941859782673;"No specified Location";FALSE
338;"102";NA;161;"104";NA;14305.0338220524;"No specified Location";FALSE
392;"105";NA;161;"104";NA;66.4581515075188;"No specified Location";FALSE
344;"104";NA;161;"104";NA;3187.9253703265;"No specified Location";TRUE
402;"105";NA;161;"104";NA;121.437688536505;"No specified Location";FALSE
413;"105";NA;161;"104";NA;123.278595998418;"No specified Location";FALSE
337;"104";NA;161;"104";NA;1.53273753654503;"No specified Location";TRUE
338;"102";NA;166;"104";NA;36.1564917046926;"No specified Location";FALSE
392;"105";NA;166;"104";NA;65.2225449800317;"No specified Location";FALSE
344;"104";NA;166;"104";NA;12801.7025579412;"No specified Location";TRUE
337;"104";NA;166;"104";NA;106.846767782652;"No specified Location";TRUE
317;"102";NA;174;"104";NA;293.181226094137;"No specified Location";FALSE
312;"8";NA;174;"104";NA;28.1425604852848;"No specified Location";FALSE
444;"104";NA;174;"104";NA;0.0793407360761194;"No specified Location";TRUE
453;"9";1;174;"104";NA;0.772248187022342;"No specified Location";FALSE
392;"105";NA;188;"105";NA;57.8187230027397;"No specified Location";TRUE
396;"9";1;188;"105";NA;41.3454743623033;"No specified Location";FALSE
400;"105";NA;188;"105";NA;41.216555214487;"No specified Location";TRUE
405;"105";NA;188;"105";NA;145.210537109291;"No specified Location";TRUE
402;"105";NA;188;"105";NA;91.0763911941613;"No specified Location";TRUE
394;"9";1;188;"105";NA;157.426106998217;"No specified Location";FALSE
337;"104";NA;188;"105";NA;1760.34311368561;"No specified Location";FALSE
286;"102";NA;188;"105";NA;7.63906811992638;"No specified Location";FALSE
442;"101";NA;200;"107";NA;121.617154830601;"No specified Location";FALSE
411;"105";NA;200;"107";NA;6.68355330708437;"No specified Location";FALSE
412;"107";NA;200;"107";NA;6292.14669803181;"No specified Location";TRUE
417;"101";NA;200;"107";NA;48.2451885296032;"No specified Location";FALSE
559;"101";NA;200;"107";NA;29.3898431896232;"No specified Location";FALSE
547;"107";NA;200;"107";NA;2.2444565702026;"No specified Location";TRUE
496;"101";NA;200;"107";NA;81.2565275627421;"No specified Location";FALSE
583;"107";NA;200;"107";NA;0.743713286472484;"No specified Location";TRUE
412;"107";NA;202;"105";NA;185.241970081348;"No specified Location";FALSE
417;"101";NA;202;"105";NA;1816.73431098834;"No specified Location";FALSE
418;"101";NA;202;"105";NA;293.952859588782;"No specified Location";FALSE
424;"9";1;205;"105";NA;49.3144068019465;"No specified Location";FALSE
417;"101";NA;205;"105";NA;90.6056478382088;"No specified Location";FALSE
418;"101";NA;205;"105";NA;4832.41789392848;"No specified Location";FALSE
483;"9";1;205;"105";NA;40.4528378648683;"No specified Location";FALSE
402;"105";NA;208;"105";NA;432.604957139003;"No specified Location";TRUE
444;"104";NA;209;"104";NA;807.669305681949;"No specified Location";TRUE
425;"102";NA;213;"105";NA;59.1150516188063;"No specified Location";FALSE
396;"9";1;213;"105";NA;9.43327652313747;"No specified Location";FALSE
400;"105";NA;213;"105";NA;8.41765860732994;"No specified Location";TRUE
402;"105";NA;213;"105";NA;50.2636321038008;"No specified Location";TRUE
430;"105";NA;213;"105";NA;207.926916553261;"No specified Location";TRUE
425;"102";NA;217;"104";NA;2369.00107669784;"No specified Location";FALSE
444;"104";NA;234;"105";NA;4373.0525900973;"No specified Location";FALSE
537;"104";NA;234;"105";NA;146.208130966086;"No specified Location";FALSE
425;"102";NA;238;"104";NA;221.415653595468;"No specified Location";FALSE
444;"104";NA;240;"105";NA;71.8712930298061;"No specified Location";FALSE
537;"104";NA;240;"105";NA;2279.93652056635;"No specified Location";FALSE
418;"101";NA;243;"105";NA;64.4187322915095;"No specified Location";FALSE
483;"9";1;243;"105";NA;77.133771646535;"No specified Location";FALSE
558;"8";NA;243;"105";NA;6068.92855751247;"No specified Location";FALSE
444;"104";NA;243;"105";NA;12.2630133934681;"No specified Location";FALSE
589;"8";NA;243;"105";NA;106.96837281133;"No specified Location";FALSE
444;"104";NA;245;"105";NA;2059.08872288559;"No specified Location";FALSE
580;"101";NA;249;"105";NA;5990.38028858975;"No specified Location";FALSE
582;"102";NA;249;"105";NA;2051.43613512552;"No specified Location";FALSE
583;"107";NA;249;"105";NA;59.8785427142866;"No specified Location";FALSE
761;"105";NA;249;"105";NA;0.102681826450862;"No specified Location";TRUE
543;"9";0.564072656142617;249;"105";NA;50.6852853746386;"No specified Location";FALSE
412;"107";NA;250;"107";NA;1.44417201844044;"No specified Location";TRUE
582;"102";NA;250;"107";NA;436.97738609463;"No specified Location";FALSE
585;"102";NA;250;"107";NA;61.5688458364457;"No specified Location";FALSE
583;"107";NA;250;"107";NA;5420.00325724296;"No specified Location";TRUE
412;"107";NA;251;"105";NA;0.159747877820337;"No specified Location";FALSE
417;"101";NA;251;"105";NA;1.97591521155846;"No specified Location";FALSE
418;"101";NA;251;"105";NA;0.0659015307246591;"No specified Location";FALSE
587;"101";NA;251;"105";NA;111.572819804656;"No specified Location";FALSE
585;"102";NA;251;"105";NA;3094.29525097297;"No specified Location";FALSE
583;"107";NA;251;"105";NA;236.587873153199;"No specified Location";FALSE
724;"9";0.76939248388338;251;"105";NA;1.00648152978101;"No specified Location";FALSE
766;"6";0.588184586148547;251;"105";NA;7.09353760373779;"No specified Location";FALSE
418;"101";NA;252;"105";NA;12.3011580414604;"No specified Location";FALSE
589;"8";NA;252;"105";NA;61.2862452348272;"No specified Location";FALSE
587;"101";NA;252;"105";NA;6149.68724774173;"No specified Location";FALSE
585;"102";NA;252;"105";NA;88.8819947747397;"No specified Location";FALSE
721;"105";NA;252;"105";NA;5.25776878834586;"No specified Location";TRUE
724;"9";0.76939248388338;252;"105";NA;77.6720489212312;"No specified Location";FALSE
648;"102";NA;263;"107";NA;180.779470671143;"No specified Location";FALSE
349;"104";NA;263;"107";NA;0.194583880889695;"No specified Location";FALSE
194;"107";NA;263;"107";NA;4515.56735858758;"No specified Location";TRUE
680;"8";NA;271;"104";NA;104.539477389771;"No specified Location";FALSE
648;"102";NA;271;"104";NA;2071.65098912688;"No specified Location";FALSE
751;"9";1;271;"104";NA;4.81723524451081;"No specified Location";FALSE
759;"6";0.724080160697966;271;"104";NA;4.92560556367971;"No specified Location";FALSE
194;"107";NA;271;"104";NA;292.36136115843;"No specified Location";FALSE
648;"102";NA;276;"107";NA;7.6768864869955;"No specified Location";FALSE
349;"104";NA;276;"107";NA;6.13245345215546;"No specified Location";FALSE
194;"107";NA;276;"107";NA;19268.4844304728;"No specified Location";TRUE
582;"102";NA;278;"107";NA;383.752521024784;"No specified Location";FALSE
585;"102";NA;278;"107";NA;64.9163463234499;"No specified Location";FALSE
583;"107";NA;278;"107";NA;2743.94170063967;"No specified Location";TRUE
582;"102";NA;294;"107";NA;2.01381902703724;"No specified Location";FALSE
583;"107";NA;294;"107";NA;8.30399617808871;"No specified Location";TRUE
775;"105";NA;294;"107";NA;41.2908900091425;"No specified Location";FALSE
770;"107";NA;294;"107";NA;2787.51622876385;"No specified Location";TRUE
776;"105";NA;294;"107";NA;21.0664731214274;"No specified Location";FALSE
761;"105";NA;294;"107";NA;15.7803980973476;"No specified Location";FALSE
585;"102";NA;296;"105";NA;0.41768281946861;"No specified Location";FALSE
766;"6";0.588184586148547;296;"105";NA;1.74750696483534;"No specified Location";FALSE
775;"105";NA;296;"105";NA;19.1897557529155;"No specified Location";TRUE
779;"105";NA;296;"105";NA;297.021324502886;"No specified Location";TRUE
776;"105";NA;298;"105";NA;69.8236567499116;"No specified Location";TRUE
782;"2";0.514309522953129;298;"105";NA;48.8118487707688;"No specified Location";FALSE
648;"102";NA;298;"105";NA;15.1305132770212;"No specified Location";FALSE
444;"104";NA;317;"105";NA;1.08384060990647;"No specified Location";FALSE
848;"2";0.32348453572655;317;"105";NA;6.60493556025904;"No specified Location";FALSE
444;"104";NA;318;"105";NA;1.11180306619826;"No specified Location";FALSE
537;"104";NA;318;"105";NA;3.04572149779415;"No specified Location";FALSE
856;"105";NA;318;"105";NA;17.5045140264901;"No specified Location";TRUE
848;"2";0.32348453572655;318;"105";NA;11.2924919673169;"No specified Location";FALSE
32;"104";NA;27;"104";NA;179008.683695695;"No specified Location";TRUE
221;"102";NA;27;"104";NA;2987.84369035708;"No specified Location";FALSE
314;"105";NA;27;"104";NA;23.5586388754018;"No specified Location";FALSE
328;"101";NA;27;"104";NA;24.1783367509488;"No specified Location";FALSE
337;"104";NA;27;"104";NA;11.3682233967265;"No specified Location";TRUE
301;"101";NA;27;"104";NA;12.8024851825903;"No specified Location";FALSE
465;"9";1;224;"105";NA;16.906344222909;"No specified Location";FALSE
440;"9";0.666007687843215;224;"105";NA;77.3862920282991;"No specified Location";FALSE
489;"105";NA;224;"105";NA;4938.06902727508;"No specified Location";TRUE
518;"9";0.80577474521471;224;"105";NA;2.59494431182975;"No specified Location";FALSE
582;"102";NA;291;"105";NA;12.5959694667254;"No specified Location";FALSE
585;"102";NA;291;"105";NA;3.4618465959793;"No specified Location";FALSE
583;"107";NA;291;"105";NA;0.352715010296379;"No specified Location";FALSE
784;"3";0.439755416722961;291;"105";NA;15.1139891049243;"No specified Location";FALSE
834;"3";0.268302499094678;291;"105";NA;3.11688238632632;"No specified Location";FALSE
833;"105";NA;291;"105";NA;20.1276426315308;"No specified Location";TRUE
775;"105";NA;291;"105";NA;1474.03239960666;"No specified Location";TRUE
770;"107";NA;291;"105";NA;82.8929566756997;"No specified Location";FALSE
776;"105";NA;291;"105";NA;988.543993168772;"No specified Location";TRUE
782;"2";0.514309522953129;291;"105";NA;9.18244092242094;"No specified Location";FALSE
648;"102";NA;291;"105";NA;10.5063895040366;"No specified Location";FALSE
761;"105";NA;291;"105";NA;807.113486230606;"No specified Location";TRUE
543;"9";0.564072656142617;291;"105";NA;13.974767790176;"No specified Location";FALSE
349;"104";NA;291;"105";NA;4.13261393946595;"No specified Location";FALSE
194;"107";NA;291;"105";NA;2.08413641841616;"No specified Location";FALSE
543;"9";0.564072656142617;248;"104";NA;18896.9999812623;"No specified Location";FALSE
594;"105";NA;248;"104";NA;1504.48499999335;"No specified Location";FALSE
537;"104";NA;319;"105";NA;0.786773504813027;"No specified Location";FALSE
453;"9";1;319;"105";NA;22.2163283730424;"No specified Location";FALSE
857;"105";NA;319;"105";NA;80.5601735080418;"No specified Location";TRUE
856;"105";NA;319;"105";NA;5.88664414167579;"No specified Location";TRUE
804;"2";0.870572729387367;312;"105";NA;0.00036728969826072;"No specified Location";FALSE
791;"3";0.0385306775516107;312;"105";NA;42.8175608481947;"No specified Location";FALSE
648;"102";NA;312;"105";NA;388.888466294855;"No specified Location";FALSE
759;"6";0.724080160697966;312;"105";NA;9.03131391269562;"No specified Location";FALSE
194;"107";NA;312;"105";NA;55.5833103018813;"No specified Location";FALSE
749;"102";NA;275;"104";NA;2115.82099836553;"No specified Location";FALSE
693;"102";NA;275;"104";NA;6491.92656100984;"No specified Location";FALSE
727;"102";NA;275;"104";NA;2979.95499999542;"No specified Location";FALSE
662;"9";1;275;"104";NA;275.347457856522;"No specified Location";FALSE
718;"105";NA;275;"104";NA;283.716368449386;"No specified Location";FALSE
723;"102";NA;275;"104";NA;4058.57975056209;"No specified Location";FALSE
745;"105";NA;275;"104";NA;138.228659273824;"No specified Location";FALSE
317;"102";NA;137;"105";NA;8081.00486715464;"No specified Location";FALSE
441;"9";1;137;"105";NA;16.5783050400146;"No specified Location";FALSE
453;"9";1;137;"105";NA;8.42889323481359;"No specified Location";FALSE
425;"102";NA;212;"104";NA;33536.2468241472;"No specified Location";FALSE
344;"104";NA;212;"104";NA;2.67595580522902;"No specified Location";TRUE
402;"105";NA;212;"104";NA;25.1992686931626;"No specified Location";FALSE
413;"105";NA;212;"104";NA;75.6114039965905;"No specified Location";FALSE
430;"105";NA;212;"104";NA;8.95563684080844;"No specified Location";FALSE
518;"9";0.80577474521471;212;"104";NA;72.384333459835;"No specified Location";FALSE
541;"8";NA;212;"104";NA;7.67998447925811;"No specified Location";FALSE
548;"8";NA;212;"104";NA;28.2298310385086;"No specified Location";FALSE
334;"101";NA;145;"104";NA;2574.85496071982;"No specified Location";FALSE
335;"105";NA;145;"104";NA;5.94630358658105;"No specified Location";FALSE
345;"105";NA;145;"104";NA;2.15702200020314;"No specified Location";FALSE
340;"104";NA;145;"104";NA;525.080495556947;"No specified Location";TRUE
348;"6";0.606915425271926;145;"104";NA;516.324999998324;"No specified Location";FALSE
316;"101";NA;145;"104";NA;60.1376873778354;"No specified Location";FALSE
337;"104";NA;145;"104";NA;53.2092635166591;"No specified Location";TRUE
324;"105";NA;145;"104";NA;0.535395273836912;"No specified Location";FALSE
286;"102";NA;145;"104";NA;2558.15988184427;"No specified Location";FALSE
335;"105";NA;154;"9";1;26.5730122360401;"No specified Location";FALSE
316;"101";NA;154;"9";1;31.499717513565;"No specified Location";FALSE
328;"101";NA;154;"9";1;196.237287274271;"No specified Location";FALSE
337;"104";NA;154;"9";1;2141.58136395121;"No specified Location";FALSE
394;"9";1;193;"9";0.898824426123212;21.0697385626845;"No specified Location";TRUE
397;"9";1;193;"9";0.898824426123212;9245.24174527265;"No specified Location";TRUE
409;"101";NA;193;"9";0.898824426123212;1103.35104334814;"No specified Location";FALSE
286;"102";NA;193;"9";0.898824426123212;7.31919554434717;"No specified Location";FALSE
454;"9";0.4337390374285;193;"9";0.898824426123212;144.143765675835;"No specified Location";TRUE
421;"101";NA;193;"9";0.898824426123212;3.56784359645098;"No specified Location";FALSE
396;"9";1;194;"9";0.249905164576513;16.5824842297006;"No specified Location";TRUE
394;"9";1;194;"9";0.249905164576513;12705.6721882962;"No specified Location";TRUE
397;"9";1;194;"9";0.249905164576513;21.9955265845638;"No specified Location";TRUE
337;"104";NA;194;"9";0.249905164576513;1.41028917318181;"No specified Location";FALSE
286;"102";NA;194;"9";0.249905164576513;0.186794218578143;"No specified Location";FALSE
454;"9";0.4337390374285;194;"9";0.249905164576513;191.069858580828;"No specified Location";TRUE
440;"9";0.666007687843215;194;"9";0.249905164576513;34227.7595251855;"No specified Location";TRUE
543;"9";0.564072656142617;194;"9";0.249905164576513;12.4014467527159;"No specified Location";TRUE
489;"105";NA;194;"9";0.249905164576513;61.1876999422275;"No specified Location";FALSE
472;"105";NA;196;"9";1;35.5143979126005;"No specified Location";FALSE
482;"101";NA;196;"9";1;4.72306906222366;"No specified Location";FALSE
470;"104";NA;196;"9";1;165.936443530605;"No specified Location";FALSE
486;"105";NA;196;"9";1;34.1065926777665;"No specified Location";FALSE
397;"9";1;196;"9";1;33.6119825978676;"No specified Location";TRUE
442;"101";NA;196;"9";1;32.7239854382351;"No specified Location";FALSE
439;"101";NA;196;"9";1;292.849596872926;"No specified Location";FALSE
409;"101";NA;196;"9";1;53.7928981729929;"No specified Location";FALSE
411;"105";NA;196;"9";1;151.534388707485;"No specified Location";FALSE
403;"105";NA;196;"9";1;290.899163670721;"No specified Location";FALSE
412;"107";NA;196;"9";1;119.937984966251;"No specified Location";FALSE
559;"101";NA;196;"9";1;52.0849398491555;"No specified Location";FALSE
553;"104";NA;196;"9";1;27.2218932115939;"No specified Location";FALSE
547;"107";NA;196;"9";1;29.3093870702141;"No specified Location";FALSE
539;"104";NA;196;"9";1;43.8592238207348;"No specified Location";FALSE
454;"9";0.4337390374285;196;"9";1;15572.9826835777;"No specified Location";TRUE
491;"101";NA;196;"9";1;5145.926945135;"No specified Location";FALSE
492;"101";NA;196;"9";1;1056.68486620777;"No specified Location";FALSE
496;"101";NA;196;"9";1;149.636455970816;"No specified Location";FALSE
421;"101";NA;196;"9";1;4259.0248017062;"No specified Location";FALSE
440;"9";0.666007687843215;196;"9";1;10.2692680758773;"No specified Location";TRUE
564;"105";NA;196;"9";1;282.209969554955;"No specified Location";FALSE
575;"105";NA;196;"9";1;55.3530958215706;"No specified Location";FALSE
580;"101";NA;196;"9";1;8.94759561314277;"No specified Location";FALSE
582;"102";NA;196;"9";1;1.4154374507998;"No specified Location";FALSE
583;"107";NA;196;"9";1;0.223385207929823;"No specified Location";FALSE
543;"9";0.564072656142617;196;"9";1;11.5170651237713;"No specified Location";TRUE
425;"102";NA;198;"9";0.605966222004417;132.387072961021;"No specified Location";FALSE
396;"9";1;198;"9";0.605966222004417;13538.6073035332;"No specified Location";TRUE
400;"105";NA;198;"9";0.605966222004417;1960.56589194096;"No specified Location";FALSE
405;"105";NA;198;"9";0.605966222004417;113.347556838766;"No specified Location";FALSE
402;"105";NA;198;"9";0.605966222004417;67.6085968038387;"No specified Location";FALSE
430;"105";NA;198;"9";0.605966222004417;8.66456384651246;"No specified Location";FALSE
465;"9";1;198;"9";0.605966222004417;13307.2813350074;"No specified Location";TRUE
394;"9";1;198;"9";0.605966222004417;8.65652258339833;"No specified Location";TRUE
440;"9";0.666007687843215;198;"9";0.605966222004417;35.62798912789;"No specified Location";TRUE
489;"105";NA;198;"9";0.605966222004417;42.8280403840472;"No specified Location";FALSE
518;"9";0.80577474521471;198;"9";0.605966222004417;102.038383575622;"No specified Location";TRUE
317;"102";NA;203;"9";1;1.26056871050969;"No specified Location";FALSE
497;"6";0.196115506076856;203;"9";1;38.8784488956444;"No specified Location";FALSE
441;"9";1;203;"9";1;5408.39280020579;"No specified Location";TRUE
500;"6";0.238084361499886;203;"9";1;58.1632273782743;"No specified Location";FALSE
562;"9";0.291669813158481;203;"9";1;121.773511658947;"No specified Location";TRUE
610;"105";NA;203;"9";1;608.779106120113;"No specified Location";FALSE
531;"9";0.567013665405127;203;"9";1;117.510640329681;"No specified Location";TRUE
444;"104";NA;203;"9";1;417.82579245638;"No specified Location";FALSE
537;"104";NA;203;"9";1;6593.07113086432;"No specified Location";FALSE
769;"105";NA;203;"9";1;891.062022366561;"No specified Location";FALSE
620;"8";NA;203;"9";1;228.452977048757;"No specified Location";FALSE
453;"9";1;203;"9";1;43303.6445895911;"No specified Location";TRUE
838;"3";0.06793028881648;203;"9";1;9.9304398833774;"No specified Location";FALSE
748;"6";0.213118522713949;203;"9";1;12.4515062821883;"No specified Location";FALSE
424;"9";1;206;"6";0.018994385710894;5967.60089894664;"No specified Location";FALSE
418;"101";NA;206;"6";0.018994385710894;2.75766459747683;"No specified Location";FALSE
483;"9";1;206;"6";0.018994385710894;10.2091732979752;"No specified Location";FALSE
444;"104";NA;206;"6";0.018994385710894;4.82218968156667;"No specified Location";FALSE
312;"8";NA;207;"9";1;1.3609546655789;"No specified Location";FALSE
424;"9";1;207;"9";1;70.478870143299;"No specified Location";TRUE
461;"105";NA;207;"9";1;791.612718428252;"No specified Location";FALSE
483;"9";1;207;"9";1;39.6500690435059;"No specified Location";TRUE
558;"8";NA;207;"9";1;6.73770144532318;"No specified Location";FALSE
444;"104";NA;207;"9";1;47167.4737764993;"No specified Location";FALSE
589;"8";NA;207;"9";1;116.750495543029;"No specified Location";FALSE
721;"105";NA;207;"9";1;7.91705550742336;"No specified Location";FALSE
740;"105";NA;207;"9";1;572.733319796389;"No specified Location";FALSE
777;"3";0.484218592160539;207;"9";1;48.1088153609307;"No specified Location";FALSE
477;"9";0.920165357842559;211;"9";0.994618067427207;3549.64559703181;"No specified Location";TRUE
500;"6";0.238084361499886;211;"9";0.994618067427207;10.3362787831575;"No specified Location";FALSE
562;"9";0.291669813158481;211;"9";0.994618067427207;15.9693131726235;"No specified Location";TRUE
592;"6";0.590610461121593;211;"9";0.994618067427207;0.898429719731212;"No specified Location";FALSE
531;"9";0.567013665405127;211;"9";0.994618067427207;3.50083907839144;"No specified Location";TRUE
620;"8";NA;211;"9";0.994618067427207;0.0832067449227907;"No specified Location";FALSE
638;"9";0.0978120980482985;211;"9";0.994618067427207;74.4710169322043;"No specified Location";TRUE
662;"9";1;211;"9";0.994618067427207;17.1252414123155;"No specified Location";TRUE
574;"9";0.81923609073883;211;"9";0.994618067427207;14680.0034266892;"No specified Location";TRUE
424;"9";1;220;"9";0.629538325087819;11.9726540641859;"No specified Location";TRUE
418;"101";NA;220;"9";0.629538325087819;158.801477563946;"No specified Location";FALSE
483;"9";1;220;"9";0.629538325087819;14362.0473983957;"No specified Location";TRUE
558;"8";NA;220;"9";0.629538325087819;17.6424328137655;"No specified Location";FALSE
444;"104";NA;220;"9";0.629538325087819;69.3601991382966;"No specified Location";FALSE
477;"9";0.920165357842559;223;"6";0.724019866306409;3.42099140305072;"No specified Location";FALSE
497;"6";0.196115506076856;223;"6";0.724019866306409;966.333602299448;"No specified Location";TRUE
499;"6";0.0782548445173729;223;"6";0.724019866306409;275.34512547357;"No specified Location";TRUE
441;"9";1;223;"6";0.724019866306409;11.7714761337265;"No specified Location";FALSE
500;"6";0.238084361499886;223;"6";0.724019866306409;10160.356290517;"No specified Location";TRUE
531;"9";0.567013665405127;223;"6";0.724019866306409;71.1708474673796;"No specified Location";FALSE
425;"102";NA;230;"6";0.46569971183266;28.2816056689117;"No specified Location";FALSE
465;"9";1;230;"6";0.46569971183266;3.94086801877711;"No specified Location";FALSE
440;"9";0.666007687843215;230;"6";0.46569971183266;46.9428847002564;"No specified Location";FALSE
543;"9";0.564072656142617;230;"6";0.46569971183266;12.0677553822752;"No specified Location";FALSE
544;"8";NA;230;"6";0.46569971183266;0.00136348964588251;"No specified Location";FALSE
489;"105";NA;230;"6";0.46569971183266;2.83807497020462;"No specified Location";FALSE
518;"9";0.80577474521471;230;"6";0.46569971183266;9931.47242272831;"No specified Location";FALSE
477;"9";0.920165357842559;233;"6";0.257162252934841;29.4800377196871;"No specified Location";FALSE
500;"6";0.238084361499886;233;"6";0.257162252934841;0.573064914788119;"No specified Location";TRUE
562;"9";0.291669813158481;233;"6";0.257162252934841;11170.0646318938;"No specified Location";FALSE
592;"6";0.590610461121593;233;"6";0.257162252934841;406.785443298984;"No specified Location";TRUE
531;"9";0.567013665405127;233;"6";0.257162252934841;10095.4538395191;"No specified Location";FALSE
693;"102";NA;233;"6";0.257162252934841;12.468292344478;"No specified Location";FALSE
620;"8";NA;233;"6";0.257162252934841;21802.2051573735;"No specified Location";FALSE
453;"9";1;233;"6";0.257162252934841;145.663660436287;"No specified Location";FALSE
574;"9";0.81923609073883;233;"6";0.257162252934841;42.4761985511359;"No specified Location";FALSE
748;"6";0.213118522713949;233;"6";0.257162252934841;36.7404920099798;"No specified Location";TRUE
425;"102";NA;241;"6";0.258123622736349;5.59544185944833;"No specified Location";FALSE
440;"9";0.666007687843215;241;"6";0.258123622736349;74.4558303705417;"No specified Location";FALSE
580;"101";NA;241;"6";0.258123622736349;125.932271452359;"No specified Location";FALSE
582;"102";NA;241;"6";0.258123622736349;19.2693654180039;"No specified Location";FALSE
730;"105";NA;241;"6";0.258123622736349;170.750757690927;"No specified Location";FALSE
543;"9";0.564072656142617;241;"6";0.258123622736349;94980.5600705794;"No specified Location";FALSE
695;"6";0.665952915876931;241;"6";0.258123622736349;34.4899664848635;"No specified Location";TRUE
674;"6";1;241;"6";0.258123622736349;25.4441669962252;"No specified Location";TRUE
544;"8";NA;241;"6";0.258123622736349;15780.9771644264;"No specified Location";FALSE
518;"9";0.80577474521471;241;"6";0.258123622736349;69.5175753675376;"No specified Location";FALSE
541;"8";NA;241;"6";0.258123622736349;274.630914294103;"No specified Location";FALSE
418;"101";NA;253;"6";0.0606276060554452;0.366185192688135;"No specified Location";FALSE
558;"8";NA;253;"6";0.0606276060554452;2.3782594522927;"No specified Location";FALSE
444;"104";NA;253;"6";0.0606276060554452;76.0378035798567;"No specified Location";FALSE
589;"8";NA;253;"6";0.0606276060554452;36416.2994215386;"No specified Location";FALSE
587;"101";NA;253;"6";0.0606276060554452;291.573008880019;"No specified Location";FALSE
721;"105";NA;253;"6";0.0606276060554452;0.257513861841289;"No specified Location";FALSE
620;"8";NA;260;"6";0.722746863409091;50.1827649234328;"No specified Location";FALSE
638;"9";0.0978120980482985;260;"6";0.722746863409091;7422.60832357174;"No specified Location";FALSE
662;"9";1;260;"6";0.722746863409091;8.29042251386272;"No specified Location";FALSE
574;"9";0.81923609073883;260;"6";0.722746863409091;3.24454047996551;"No specified Location";FALSE
749;"102";NA;262;"9";1;919.094480962027;"No specified Location";FALSE
693;"102";NA;262;"9";1;5966.69326357916;"No specified Location";FALSE
620;"8";NA;262;"9";1;28.3749669723038;"No specified Location";FALSE
638;"9";0.0978120980482985;262;"9";1;68.4544391833547;"No specified Location";TRUE
662;"9";1;262;"9";1;2284.02607618982;"No specified Location";TRUE
574;"9";0.81923609073883;262;"9";1;0.0105502897495171;"No specified Location";TRUE
750;"6";0.865935720198607;262;"9";1;24.6452492508106;"No specified Location";FALSE
659;"105";NA;267;"6";0.629941844950683;40.7142816928681;"No specified Location";FALSE
652;"105";NA;267;"6";0.629941844950683;37.0052576449525;"No specified Location";FALSE
653;"6";0.242483851659319;267;"6";0.629941844950683;6556.64337421453;"No specified Location";TRUE
690;"105";NA;267;"6";0.629941844950683;332.21283293888;"No specified Location";FALSE
668;"6";0.301392971999253;267;"6";0.629941844950683;4637.12414781452;"No specified Location";TRUE
678;"105";NA;267;"6";0.629941844950683;160.378084092867;"No specified Location";FALSE
730;"105";NA;267;"6";0.629941844950683;110.197134466609;"No specified Location";FALSE
695;"6";0.665952915876931;267;"6";0.629941844950683;7043.25105125178;"No specified Location";TRUE
674;"6";1;267;"6";0.629941844950683;16.6750969461727;"No specified Location";TRUE
541;"8";NA;267;"6";0.629941844950683;40.4154393721838;"No specified Location";FALSE
548;"8";NA;267;"6";0.629941844950683;12.6023141395999;"No specified Location";FALSE
578;"8";NA;267;"6";0.629941844950683;2.46062193624675;"No specified Location";FALSE
690;"105";NA;272;"6";0.197460688003698;16.9551456538611;"No specified Location";FALSE
668;"6";0.301392971999253;272;"6";0.197460688003698;17.2507121693343;"No specified Location";TRUE
695;"6";0.665952915876931;272;"6";0.197460688003698;75.0219500530511;"No specified Location";TRUE
674;"6";1;272;"6";0.197460688003698;3980.61110798083;"No specified Location";TRUE
541;"8";NA;272;"6";0.197460688003698;11.4612361476757;"No specified Location";FALSE
589;"8";NA;277;"9";0.942603365174284;126.830809115898;"No specified Location";FALSE
587;"101";NA;277;"9";0.942603365174284;7.79551152116619;"No specified Location";FALSE
585;"102";NA;277;"9";0.942603365174284;12.7245024557924;"No specified Location";FALSE
721;"105";NA;277;"9";0.942603365174284;1630.98027055617;"No specified Location";FALSE
724;"9";0.76939248388338;277;"9";0.942603365174284;23401.4071311988;"No specified Location";TRUE
740;"105";NA;277;"9";0.942603365174284;1311.60072725825;"No specified Location";FALSE
777;"3";0.484218592160539;277;"9";0.942603365174284;15.243108982686;"No specified Location";FALSE
766;"6";0.588184586148547;277;"9";0.942603365174284;42.530159920454;"No specified Location";FALSE
620;"8";NA;284;"6";0.196967570202272;13.8499724762514;"No specified Location";FALSE
453;"9";1;284;"6";0.196967570202272;41.6033212777693;"No specified Location";FALSE
750;"6";0.865935720198607;284;"6";0.196967570202272;148.151175959196;"No specified Location";TRUE
808;"6";0.154323144578332;284;"6";0.196967570202272;12.231504450825;"No specified Location";TRUE
855;"6";0.231417520382137;284;"6";0.196967570202272;0.0507844693020161;"No specified Location";TRUE
838;"3";0.06793028881648;284;"6";0.196967570202272;32.0203056260943;"No specified Location";FALSE
748;"6";0.213118522713949;284;"6";0.196967570202272;11620.4788112709;"No specified Location";TRUE
749;"102";NA;285;"6";0.819238125740683;73.9661882396322;"No specified Location";FALSE
693;"102";NA;285;"6";0.819238125740683;1.50907240482047;"No specified Location";FALSE
620;"8";NA;285;"6";0.819238125740683;3.84438471088652;"No specified Location";FALSE
750;"6";0.865935720198607;285;"6";0.819238125740683;28523.4574591676;"No specified Location";TRUE
808;"6";0.154323144578332;285;"6";0.819238125740683;74.4802799470126;"No specified Location";TRUE
778;"6";0.679941193855847;285;"6";0.819238125740683;153.899702630355;"No specified Location";TRUE
748;"6";0.213118522713949;285;"6";0.819238125740683;2.52708714798791;"No specified Location";TRUE
750;"6";0.865935720198607;290;"6";0.786257510733075;9.65027521381853;"No specified Location";TRUE
778;"6";0.679941193855847;290;"6";0.786257510733075;8522.59180198982;"No specified Location";TRUE
789;"2";0.770969802528575;292;"2";0.0874836010951696;27.9540773554472;"No specified Location";TRUE
774;"3";0.103621330209316;292;"2";0.0874836010951696;15.5425526187464;"No specified Location";FALSE
760;"3";0.0804379293873165;292;"2";0.0874836010951696;6853.54029371403;"No specified Location";FALSE
781;"3";0.614266038483175;292;"2";0.0874836010951696;56.9483526573968;"No specified Location";FALSE
793;"3";0.357225286031896;292;"2";0.0874836010951696;1028.01591303654;"No specified Location";FALSE
815;"2";0.661943608313663;292;"2";0.0874836010951696;1.55030673841247;"No specified Location";TRUE
648;"102";NA;292;"2";0.0874836010951696;65.138764668256;"No specified Location";FALSE
759;"6";0.724080160697966;292;"2";0.0874836010951696;20.383351116674;"No specified Location";FALSE
585;"102";NA;293;"2";0.69980631921934;22.4769189367071;"No specified Location";FALSE
724;"9";0.76939248388338;293;"2";0.69980631921934;34.4299473376886;"No specified Location";FALSE
795;"3";0.112250552401753;293;"2";0.69980631921934;2.595648471608;"No specified Location";FALSE
777;"3";0.484218592160539;293;"2";0.69980631921934;45.9425063391682;"No specified Location";FALSE
766;"6";0.588184586148547;293;"2";0.69980631921934;5843.01324642263;"No specified Location";FALSE
784;"3";0.439755416722961;293;"2";0.69980631921934;5.62311712853261;"No specified Location";FALSE
779;"105";NA;293;"2";0.69980631921934;13.7913423608989;"No specified Location";FALSE
724;"9";0.76939248388338;295;"2";0.50956550334667;50.0735570113175;"No specified Location";FALSE
777;"3";0.484218592160539;295;"2";0.50956550334667;7303.74533751234;"No specified Location";FALSE
789;"2";0.770969802528575;297;"2";0.973734660924762;2159.95522864349;"No specified Location";TRUE
774;"3";0.103621330209316;297;"2";0.973734660924762;4046.19614723377;"No specified Location";FALSE
648;"102";NA;297;"2";0.973734660924762;67.6132196476683;"No specified Location";FALSE
795;"3";0.112250552401753;302;"2";0.640583850022921;6.7371230427234;"No specified Location";FALSE
766;"6";0.588184586148547;302;"2";0.640583850022921;22.1202990929596;"No specified Location";FALSE
784;"3";0.439755416722961;302;"2";0.640583850022921;6465.33784891013;"No specified Location";FALSE
844;"3";0.487496805806359;302;"2";0.640583850022921;1.49092460419047;"No specified Location";FALSE
834;"3";0.268302499094678;302;"2";0.640583850022921;15.0253921952099;"No specified Location";FALSE
841;"2";0.551379264729076;302;"2";0.640583850022921;40.898818351503;"No specified Location";TRUE
775;"105";NA;302;"2";0.640583850022921;20.7920011049137;"No specified Location";FALSE
779;"105";NA;302;"2";0.640583850022921;37.4795709564351;"No specified Location";FALSE
776;"105";NA;303;"2";0.47658078622398;7.72771296417341;"No specified Location";FALSE
782;"2";0.514309522953129;303;"2";0.47658078622398;1628.72474455996;"No specified Location";TRUE
774;"3";0.103621330209316;303;"2";0.47658078622398;45.636523548048;"No specified Location";FALSE
648;"102";NA;303;"2";0.47658078622398;7.23902807128616;"No specified Location";FALSE
760;"3";0.0804379293873165;304;"2";0.272522341857065;11.5319645527343;"No specified Location";FALSE
781;"3";0.614266038483175;304;"2";0.272522341857065;2315.11891083606;"No specified Location";FALSE
793;"3";0.357225286031896;304;"2";0.272522341857065;0.396618513826979;"No specified Location";FALSE
815;"2";0.661943608313663;304;"2";0.272522341857065;0.41643619153183;"No specified Location";TRUE
791;"3";0.0385306775516107;304;"2";0.272522341857065;7.18268446967704;"No specified Location";FALSE
759;"6";0.724080160697966;304;"2";0.272522341857065;15.8797494281171;"No specified Location";FALSE
750;"6";0.865935720198607;305;"6";0.241879873675539;0.0575888496532571;"No specified Location";TRUE
808;"6";0.154323144578332;305;"6";0.241879873675539;2506.39323799592;"No specified Location";TRUE
855;"6";0.231417520382137;305;"6";0.241879873675539;16.5790743408725;"No specified Location";TRUE
795;"3";0.112250552401753;306;"2";0.977652034419948;5298.66495006112;"No specified Location";FALSE
777;"3";0.484218592160539;306;"2";0.977652034419948;110.065738738514;"No specified Location";FALSE
766;"6";0.588184586148547;306;"2";0.977652034419948;4.26280817230145;"No specified Location";FALSE
784;"3";0.439755416722961;306;"2";0.977652034419948;15.0248685285915;"No specified Location";FALSE
781;"3";0.614266038483175;307;"2";0.790490657612173;31.5016243206337;"No specified Location";FALSE
815;"2";0.661943608313663;307;"2";0.790490657612173;320.801008756272;"No specified Location";TRUE
804;"2";0.870572729387367;307;"2";0.790490657612173;503.57533377246;"No specified Location";TRUE
791;"3";0.0385306775516107;307;"2";0.790490657612173;880.548535909038;"No specified Location";FALSE
759;"6";0.724080160697966;307;"2";0.790490657612173;1.44755760022963;"No specified Location";FALSE
855;"6";0.231417520382137;309;"2";0.566029849888955;2.93636279529892;"No specified Location";FALSE
838;"3";0.06793028881648;309;"2";0.566029849888955;1518.10197396018;"No specified Location";FALSE
748;"6";0.213118522713949;309;"2";0.566029849888955;9.9508924568072;"No specified Location";FALSE
444;"104";NA;311;"5";0.247161096850861;77.787183291468;"No specified Location";FALSE
832;"105";NA;311;"5";0.247161096850861;790.928999911994;"No specified Location";FALSE
848;"2";0.32348453572655;311;"5";0.247161096850861;1.91538572534046;"No specified Location";FALSE
850;"2";0.572496835848959;311;"5";0.247161096850861;157.229409628548;"No specified Location";FALSE
795;"3";0.112250552401753;311;"5";0.247161096850861;25.4200519472361;"No specified Location";FALSE
777;"3";0.484218592160539;311;"5";0.247161096850861;0.865248769172467;"No specified Location";FALSE
808;"6";0.154323144578332;313;"6";0.517300086049073;16.4208301343024;"No specified Location";TRUE
855;"6";0.231417520382137;313;"6";0.517300086049073;454.143962945731;"No specified Location";TRUE
444;"104";NA;314;"2";0.434725045652968;27.7800081715686;"No specified Location";FALSE
832;"105";NA;314;"2";0.434725045652968;0.392875398567412;"No specified Location";FALSE
848;"2";0.32348453572655;314;"2";0.434725045652968;267.981432821252;"No specified Location";TRUE
784;"3";0.439755416722961;316;"2";0.780840215585239;55.708177561406;"No specified Location";FALSE
834;"3";0.268302499094678;316;"2";0.780840215585239;173.474041785114;"No specified Location";FALSE
841;"2";0.551379264729076;316;"2";0.780840215585239;0.586818697949639;"No specified Location";TRUE
841;"2";0.551379264729076;320;"2";0.974168440201033;3.62451165122911;"No specified Location";TRUE
774;"3";0.103621330209316;124;"8";NA;32.03340406809;"No specified Location";FALSE
760;"3";0.0804379293873165;124;"8";NA;16.8254422964528;"No specified Location";FALSE
791;"3";0.0385306775516107;124;"8";NA;20.433942551259;"No specified Location";FALSE
680;"8";NA;124;"8";NA;23157.41626686;"No specified Location";TRUE
689;"101";NA;124;"8";NA;343.33684411319;"No specified Location";FALSE
659;"105";NA;124;"8";NA;67.3649674610933;"No specified Location";FALSE
647;"105";NA;124;"8";NA;44.2543839854188;"No specified Location";FALSE
652;"105";NA;124;"8";NA;53.5844360284973;"No specified Location";FALSE
653;"6";0.242483851659319;124;"8";NA;17.4800230141263;"No specified Location";FALSE
743;"105";NA;124;"8";NA;774.049170264741;"No specified Location";FALSE
744;"8";0.940209137927258;124;"8";NA;3047.70116758253;"No specified Location";TRUE
648;"102";NA;124;"8";NA;8307.10260991558;"No specified Location";FALSE
751;"9";1;124;"8";NA;8044.85162153002;"No specified Location";FALSE
759;"6";0.724080160697966;124;"8";NA;4841.27878351486;"No specified Location";FALSE
678;"105";NA;124;"8";NA;3800.26849143161;"No specified Location";FALSE
730;"105";NA;124;"8";NA;2.99119467747505;"No specified Location";FALSE
761;"105";NA;124;"8";NA;7.15212680306286;"No specified Location";FALSE
543;"9";0.564072656142617;124;"8";NA;107.850643240206;"No specified Location";FALSE
578;"8";NA;124;"8";NA;1495.6993414039;"No specified Location";TRUE
349;"104";NA;124;"8";NA;4915.22615123726;"No specified Location";FALSE
194;"107";NA;124;"8";NA;1588.27586017485;"No specified Location";FALSE
307;"102";NA;135;"8";NA;286.66642598249;"No specified Location";FALSE
312;"8";NA;135;"8";NA;22529.123925317;"No specified Location";TRUE
361;"9";0.850520099826412;135;"8";NA;2887.02026711917;"No specified Location";FALSE
339;"102";NA;135;"8";NA;986.584044916439;"No specified Location";FALSE
424;"9";1;135;"8";NA;32.4063871363178;"No specified Location";FALSE
418;"101";NA;135;"8";NA;1.28602513414808;"No specified Location";FALSE
444;"104";NA;135;"8";NA;6.29493100438776;"No specified Location";FALSE
425;"102";NA;242;"8";NA;94.9746786523538;"No specified Location";FALSE
653;"6";0.242483851659319;242;"8";NA;18.404882801231;"No specified Location";FALSE
543;"9";0.564072656142617;242;"8";NA;86.106583639048;"No specified Location";FALSE
674;"6";1;242;"8";NA;39.0933252831455;"No specified Location";FALSE
541;"8";NA;242;"8";NA;74106.1651897458;"No specified Location";TRUE
548;"8";NA;242;"8";NA;55.8281658398919;"No specified Location";TRUE
647;"105";NA;246;"8";NA;25.0583303696912;"No specified Location";FALSE
652;"105";NA;246;"8";NA;41.639500655001;"No specified Location";FALSE
653;"6";0.242483851659319;246;"8";NA;6.02309554291423;"No specified Location";FALSE
541;"8";NA;246;"8";NA;17.774040607037;"No specified Location";TRUE
548;"8";NA;246;"8";NA;15245.1492067673;"No specified Location";TRUE
578;"8";NA;246;"8";NA;0.0292539934598608;"No specified Location";TRUE
60;"102";NA;39;"104";NA;1587.46013363068;"No specified Location";FALSE
32;"104";NA;39;"104";NA;86713.3078107227;"No specified Location";TRUE
221;"102";NA;39;"104";NA;0.0819156741927145;"No specified Location";FALSE
301;"101";NA;39;"104";NA;372.753023643774;"No specified Location";FALSE
60;"102";NA;45;"104";NA;79553.063740573;"No specified Location";FALSE
32;"104";NA;45;"104";NA;12840.6087085239;"No specified Location";TRUE
301;"101";NA;45;"104";NA;16.5189590165974;"No specified Location";FALSE
168;"104";NA;46;"104";NA;109.256665511522;"No specified Location";TRUE
397;"9";1;46;"104";NA;30.8799797422253;"No specified Location";FALSE
411;"105";NA;46;"104";NA;0.958469805344066;"No specified Location";FALSE
403;"105";NA;46;"104";NA;2.80918354977621;"No specified Location";FALSE
337;"104";NA;46;"104";NA;0.0339450522587867;"No specified Location";TRUE
260;"104";NA;46;"104";NA;0.0855025608325377;"No specified Location";TRUE
315;"104";NA;46;"104";NA;16.4079942048993;"No specified Location";TRUE
313;"105";NA;46;"104";NA;5.55923884699587;"No specified Location";FALSE
305;"101";NA;46;"104";NA;4.11954119894654;"No specified Location";FALSE
298;"105";NA;46;"104";NA;8.8384889853769;"No specified Location";FALSE
276;"101";NA;46;"104";NA;301.777883265167;"No specified Location";FALSE
299;"104";NA;46;"104";NA;76.5159657656041;"No specified Location";TRUE
290;"101";NA;46;"104";NA;186.066716962901;"No specified Location";FALSE
282;"105";NA;46;"104";NA;85.0603757416829;"No specified Location";FALSE
287;"107";NA;46;"104";NA;8.7395518925332;"No specified Location";FALSE
286;"102";NA;46;"104";NA;8082.06349018682;"No specified Location";FALSE
320;"102";NA;46;"104";NA;844.77028831502;"No specified Location";FALSE
323;"107";NA;46;"104";NA;198.96164572757;"No specified Location";FALSE
32;"104";NA;47;"104";NA;89035.9910494788;"No specified Location";TRUE
172;"107";NA;73;"104";NA;14.640743597527;"No specified Location";FALSE
110;"107";NA;73;"104";NA;0.250779319743742;"No specified Location";FALSE
60;"102";NA;73;"104";NA;3343.32393635338;"No specified Location";FALSE
105;"107";NA;73;"104";NA;20845.5324297561;"No specified Location";FALSE
209;"104";NA;73;"104";NA;26.7909586657915;"No specified Location";TRUE
110;"107";NA;74;"107";NA;53.2533310048748;"No specified Location";TRUE
105;"107";NA;74;"107";NA;353.340931777202;"No specified Location";TRUE
172;"107";NA;86;"107";NA;20.1634190117475;"No specified Location";TRUE
60;"102";NA;86;"107";NA;5.32599024474621;"No specified Location";FALSE
209;"104";NA;86;"107";NA;3.79653899965342;"No specified Location";FALSE
32;"104";NA;107;"102";NA;414.762595363016;"No specified Location";FALSE
268;"105";NA;107;"102";NA;3467.50368227717;"No specified Location";FALSE
227;"104";NA;107;"102";NA;16355.6122075645;"No specified Location";FALSE
277;"105";NA;107;"102";NA;3001.74377917493;"No specified Location";FALSE
279;"105";NA;107;"102";NA;1907.31588867772;"No specified Location";FALSE
221;"102";NA;107;"102";NA;22482.1713881828;"No specified Location";TRUE
338;"102";NA;107;"102";NA;83.7561739461526;"No specified Location";TRUE
344;"104";NA;107;"102";NA;37.9943486806005;"No specified Location";FALSE
314;"105";NA;107;"102";NA;1062.21360279992;"No specified Location";FALSE
337;"104";NA;107;"102";NA;159.723880278878;"No specified Location";FALSE
168;"104";NA;109;"101";NA;113.801795948879;"No specified Location";FALSE
60;"102";NA;109;"101";NA;17279.0368548008;"No specified Location";FALSE
32;"104";NA;109;"101";NA;188.803555625142;"No specified Location";FALSE
316;"101";NA;109;"101";NA;66.2746845232905;"No specified Location";TRUE
301;"101";NA;109;"101";NA;311.436752417008;"No specified Location";TRUE
321;"105";NA;109;"101";NA;15.7461328973322;"No specified Location";FALSE
291;"101";NA;109;"101";NA;76.1158522032201;"No specified Location";TRUE
260;"104";NA;109;"101";NA;449.378269048815;"No specified Location";FALSE
273;"105";NA;109;"101";NA;16.091997902724;"No specified Location";FALSE
276;"101";NA;109;"101";NA;200.805171821405;"No specified Location";TRUE
274;"104";NA;109;"101";NA;1.23273811276886;"No specified Location";FALSE
271;"105";NA;109;"101";NA;6.00627933104988;"No specified Location";FALSE
286;"102";NA;109;"101";NA;0.130991078360239;"No specified Location";FALSE
60;"102";NA;114;"104";NA;889.499172577402;"No specified Location";FALSE
260;"104";NA;114;"104";NA;3685.49524532235;"No specified Location";TRUE
263;"101";NA;114;"104";NA;23.9663244916592;"No specified Location";FALSE
273;"105";NA;114;"104";NA;126.379264529172;"No specified Location";FALSE
298;"105";NA;114;"104";NA;0.00238069401257235;"No specified Location";FALSE
276;"101";NA;114;"104";NA;0.2225584060252;"No specified Location";FALSE
286;"102";NA;114;"104";NA;74.8947541690432;"No specified Location";FALSE
168;"104";NA;118;"101";NA;77.4251442319946;"No specified Location";FALSE
276;"101";NA;118;"101";NA;314.889173365766;"No specified Location";TRUE
411;"105";NA;120;"107";NA;0.134802112355828;"No specified Location";FALSE
299;"104";NA;120;"107";NA;102.943354718853;"No specified Location";FALSE
287;"107";NA;120;"107";NA;939.703511932865;"No specified Location";TRUE
307;"102";NA;120;"107";NA;126.279780638561;"No specified Location";FALSE
286;"102";NA;120;"107";NA;0.00224353143130429;"No specified Location";FALSE
320;"102";NA;120;"107";NA;104.398929229006;"No specified Location";FALSE
323;"107";NA;120;"107";NA;4636.58482907386;"No specified Location";TRUE
339;"102";NA;120;"107";NA;2.65716958011035;"No specified Location";FALSE
412;"107";NA;120;"107";NA;3.92805202891032;"No specified Location";TRUE
60;"102";NA;130;"101";NA;42.1599814750334;"No specified Location";FALSE
316;"101";NA;130;"101";NA;47.8233585235575;"No specified Location";TRUE
324;"105";NA;130;"101";NA;2.34127123331564;"No specified Location";FALSE
291;"101";NA;130;"101";NA;1400.08063069877;"No specified Location";TRUE
260;"104";NA;130;"101";NA;2.68026471231133;"No specified Location";FALSE
286;"102";NA;130;"101";NA;1138.40687485589;"No specified Location";FALSE
307;"102";NA;131;"105";NA;157.71089558641;"No specified Location";FALSE
361;"9";0.850520099826412;131;"105";NA;194.496944691986;"No specified Location";FALSE
323;"107";NA;131;"105";NA;295.927031678613;"No specified Location";FALSE
339;"102";NA;131;"105";NA;1404.52102284506;"No specified Location";FALSE
412;"107";NA;131;"105";NA;0.243360982974991;"No specified Location";FALSE
417;"101";NA;131;"105";NA;0.8453752891146;"No specified Location";FALSE
418;"101";NA;131;"105";NA;0.316103473032854;"No specified Location";FALSE
317;"102";NA;136;"104";NA;195.447526616597;"No specified Location";FALSE
312;"8";NA;136;"104";NA;160.224336672574;"No specified Location";FALSE
334;"101";NA;139;"104";NA;15.9501388361095;"No specified Location";FALSE
337;"104";NA;139;"104";NA;10.9896787988837;"No specified Location";TRUE
291;"101";NA;139;"104";NA;45.9977826646063;"No specified Location";FALSE
286;"102";NA;139;"104";NA;25185.0035032023;"No specified Location";FALSE
32;"104";NA;143;"101";NA;64.4606475229375;"No specified Location";FALSE
316;"101";NA;143;"101";NA;0.77611218416132;"No specified Location";TRUE
301;"101";NA;143;"101";NA;305.098913297523;"No specified Location";TRUE
316;"101";NA;144;"101";NA;648.388290618081;"No specified Location";TRUE
321;"105";NA;144;"101";NA;6.79702938819537;"No specified Location";FALSE
335;"105";NA;147;"104";NA;304.867161901086;"No specified Location";FALSE
340;"104";NA;147;"104";NA;0.0133153371280059;"No specified Location";TRUE
316;"101";NA;147;"104";NA;483.775643377652;"No specified Location";FALSE
337;"104";NA;147;"104";NA;3.79591187904589;"No specified Location";TRUE
316;"101";NA;149;"101";NA;14.7045670631342;"No specified Location";TRUE
328;"101";NA;149;"101";NA;51.4922035939526;"No specified Location";TRUE
301;"101";NA;149;"101";NA;0.468948842433747;"No specified Location";TRUE
316;"101";NA;151;"101";NA;29.9103321770672;"No specified Location";TRUE
328;"101";NA;151;"101";NA;34.6227393276058;"No specified Location";TRUE
221;"102";NA;153;"104";NA;27.7044774889109;"No specified Location";FALSE
392;"105";NA;153;"104";NA;35.7899764946778;"No specified Location";FALSE
344;"104";NA;153;"104";NA;3.28394230414415;"No specified Location";TRUE
328;"101";NA;153;"104";NA;1928.83700631862;"No specified Location";FALSE
337;"104";NA;153;"104";NA;39112.4308276016;"No specified Location";TRUE
301;"101";NA;153;"104";NA;6.84624674904626;"No specified Location";FALSE
337;"104";NA;160;"105";NA;193.75303049013;"No specified Location";FALSE
227;"104";NA;161;"104";NA;27.5347243556753;"No specified Location";TRUE
221;"102";NA;161;"104";NA;30.2438244918594;"No specified Location";FALSE
425;"102";NA;161;"104";NA;4.17284766444936;"No specified Location";FALSE
338;"102";NA;161;"104";NA;14316.8013752536;"No specified Location";FALSE
392;"105";NA;161;"104";NA;66.5127879997017;"No specified Location";FALSE
344;"104";NA;161;"104";NA;3190.54687263397;"No specified Location";TRUE
402;"105";NA;161;"104";NA;121.537533495168;"No specified Location";FALSE
413;"105";NA;161;"104";NA;123.37996888347;"No specified Location";FALSE
337;"104";NA;161;"104";NA;1.53399659894058;"No specified Location";TRUE
338;"102";NA;166;"104";NA;36.186229793122;"No specified Location";FALSE
392;"105";NA;166;"104";NA;65.2761626871652;"No specified Location";FALSE
344;"104";NA;166;"104";NA;12812.2270435462;"No specified Location";TRUE
337;"104";NA;166;"104";NA;106.934562972165;"No specified Location";TRUE
317;"102";NA;174;"104";NA;293.421077000792;"No specified Location";FALSE
312;"8";NA;174;"104";NA;28.1655815513805;"No specified Location";FALSE
444;"104";NA;174;"104";NA;0.0794056715531042;"No specified Location";TRUE
453;"9";1;174;"104";NA;0.772880249893205;"No specified Location";FALSE
392;"105";NA;188;"105";NA;57.866253760003;"No specified Location";TRUE
396;"9";1;188;"105";NA;41.3794306655145;"No specified Location";FALSE
400;"105";NA;188;"105";NA;41.2504181977129;"No specified Location";TRUE
405;"105";NA;188;"105";NA;145.329891331261;"No specified Location";TRUE
402;"105";NA;188;"105";NA;91.1512624460738;"No specified Location";TRUE
394;"9";1;188;"105";NA;157.555027339964;"No specified Location";FALSE
337;"104";NA;188;"105";NA;1761.78880865918;"No specified Location";FALSE
286;"102";NA;188;"105";NA;7.64533163164742;"No specified Location";FALSE
442;"101";NA;200;"107";NA;121.716628015158;"No specified Location";FALSE
411;"105";NA;200;"107";NA;6.68898960179649;"No specified Location";FALSE
412;"107";NA;200;"107";NA;6297.30785964796;"No specified Location";TRUE
417;"101";NA;200;"107";NA;48.2849055519328;"No specified Location";FALSE
559;"101";NA;200;"107";NA;29.4138209933881;"No specified Location";FALSE
547;"107";NA;200;"107";NA;2.2462748317048;"No specified Location";TRUE
496;"101";NA;200;"107";NA;81.3228077249369;"No specified Location";FALSE
583;"107";NA;200;"107";NA;0.744324028026313;"No specified Location";TRUE
412;"107";NA;202;"105";NA;185.393815327552;"No specified Location";FALSE
417;"101";NA;202;"105";NA;1818.22425125819;"No specified Location";FALSE
418;"101";NA;202;"105";NA;294.194099433953;"No specified Location";FALSE
424;"9";1;205;"105";NA;49.3548955768347;"No specified Location";FALSE
417;"101";NA;205;"105";NA;90.6798501505982;"No specified Location";FALSE
418;"101";NA;205;"105";NA;4836.38154852111;"No specified Location";FALSE
483;"9";1;205;"105";NA;40.4860327641945;"No specified Location";FALSE
402;"105";NA;208;"105";NA;432.960625493492;"No specified Location";TRUE
444;"104";NA;209;"104";NA;808.330420991406;"No specified Location";TRUE
425;"102";NA;213;"105";NA;59.1636531781987;"No specified Location";FALSE
396;"9";1;213;"105";NA;9.44103375996929;"No specified Location";FALSE
400;"105";NA;213;"105";NA;8.42458051251015;"No specified Location";TRUE
402;"105";NA;213;"105";NA;50.304958516499;"No specified Location";TRUE
430;"105";NA;213;"105";NA;208.097880544025;"No specified Location";TRUE
425;"102";NA;217;"104";NA;2370.95040699677;"No specified Location";FALSE
444;"104";NA;234;"105";NA;4376.64366026712;"No specified Location";FALSE
537;"104";NA;234;"105";NA;146.329768842988;"No specified Location";FALSE
425;"102";NA;238;"104";NA;221.598381820135;"No specified Location";FALSE
444;"104";NA;240;"105";NA;71.9281347483629;"No specified Location";FALSE
537;"104";NA;240;"105";NA;2281.81085421483;"No specified Location";FALSE
418;"101";NA;243;"105";NA;64.4715866290499;"No specified Location";FALSE
483;"9";1;243;"105";NA;77.1970967988018;"No specified Location";FALSE
558;"8";NA;243;"105";NA;6073.91036246158;"No specified Location";FALSE
444;"104";NA;243;"105";NA;12.2730604271765;"No specified Location";FALSE
589;"8";NA;243;"105";NA;107.056195687968;"No specified Location";FALSE
444;"104";NA;245;"105";NA;2060.77309449343;"No specified Location";FALSE
580;"101";NA;249;"105";NA;5995.30904497765;"No specified Location";FALSE
582;"102";NA;249;"105";NA;2053.12380981687;"No specified Location";FALSE
583;"107";NA;249;"105";NA;59.9281381210312;"No specified Location";FALSE
761;"105";NA;249;"105";NA;0.102766431344207;"No specified Location";TRUE
543;"9";0.564072656142617;249;"105";NA;50.7266471425537;"No specified Location";FALSE
412;"107";NA;250;"107";NA;1.4453587308526;"No specified Location";TRUE
582;"102";NA;250;"107";NA;437.336665837676;"No specified Location";FALSE
585;"102";NA;250;"107";NA;61.6198163479567;"No specified Location";FALSE
583;"107";NA;250;"107";NA;5424.46075953636;"No specified Location";TRUE
412;"107";NA;251;"105";NA;0.159879092418123;"No specified Location";FALSE
417;"101";NA;251;"105";NA;1.97753820820071;"No specified Location";FALSE
418;"101";NA;251;"105";NA;0.0659556690879981;"No specified Location";FALSE
587;"101";NA;251;"105";NA;111.664739192074;"No specified Location";FALSE
585;"102";NA;251;"105";NA;3096.84192040446;"No specified Location";FALSE
583;"107";NA;251;"105";NA;236.782519054977;"No specified Location";FALSE
724;"9";0.76939248388338;251;"105";NA;1.00731107449974;"No specified Location";FALSE
766;"6";0.588184586148547;251;"105";NA;7.09938287572004;"No specified Location";FALSE
418;"101";NA;252;"105";NA;12.311261432711;"No specified Location";FALSE
589;"8";NA;252;"105";NA;61.3366907068412;"No specified Location";FALSE
587;"101";NA;252;"105";NA;6154.74556343583;"No specified Location";FALSE
585;"102";NA;252;"105";NA;88.9549557178834;"No specified Location";FALSE
721;"105";NA;252;"105";NA;5.26209709703107;"No specified Location";TRUE
724;"9";0.76939248388338;252;"105";NA;77.7360735447146;"No specified Location";FALSE
648;"102";NA;263;"107";NA;180.928967000276;"No specified Location";FALSE
349;"104";NA;263;"107";NA;0.194744879729114;"No specified Location";FALSE
194;"107";NA;263;"107";NA;4519.30182062485;"No specified Location";TRUE
680;"8";NA;271;"104";NA;104.625961274374;"No specified Location";FALSE
648;"102";NA;271;"104";NA;2073.36469026748;"No specified Location";FALSE
751;"9";1;271;"104";NA;4.82121625673608;"No specified Location";FALSE
759;"6";0.724080160697966;271;"104";NA;4.92967727640644;"No specified Location";FALSE
194;"107";NA;271;"104";NA;292.603131736862;"No specified Location";FALSE
648;"102";NA;276;"107";NA;7.68393977277447;"No specified Location";FALSE
349;"104";NA;276;"107";NA;6.13751058321213;"No specified Location";FALSE
194;"107";NA;276;"107";NA;19284.3981031845;"No specified Location";TRUE
582;"102";NA;278;"107";NA;384.068558258936;"No specified Location";FALSE
585;"102";NA;278;"107";NA;64.969844824449;"No specified Location";FALSE
583;"107";NA;278;"107";NA;2746.20235645864;"No specified Location";TRUE
582;"102";NA;294;"107";NA;2.01547923180624;"No specified Location";FALSE
583;"107";NA;294;"107";NA;8.31084325234406;"No specified Location";TRUE
775;"105";NA;294;"107";NA;41.3249508375302;"No specified Location";FALSE
770;"107";NA;294;"107";NA;2789.81533150282;"No specified Location";TRUE
776;"105";NA;294;"107";NA;21.0838503302385;"No specified Location";FALSE
761;"105";NA;294;"107";NA;15.7934089298797;"No specified Location";FALSE
585;"102";NA;296;"105";NA;0.418027148320107;"No specified Location";FALSE
766;"6";0.588184586148547;296;"105";NA;1.74894715938717;"No specified Location";FALSE
775;"105";NA;296;"105";NA;19.20557683683;"No specified Location";TRUE
779;"105";NA;296;"105";NA;297.26619585976;"No specified Location";TRUE
776;"105";NA;298;"105";NA;69.8812509961426;"No specified Location";TRUE
782;"2";0.514309522953129;298;"105";NA;48.8521158748772;"No specified Location";FALSE
648;"102";NA;298;"105";NA;15.1429946250282;"No specified Location";FALSE
444;"104";NA;317;"105";NA;1.08473259949824;"No specified Location";FALSE
848;"2";0.32348453572655;317;"105";NA;6.61037150281481;"No specified Location";FALSE
444;"104";NA;318;"105";NA;1.11271806893637;"No specified Location";FALSE
537;"104";NA;318;"105";NA;3.04822806839366;"No specified Location";FALSE
856;"105";NA;318;"105";NA;17.5189200803616;"No specified Location";TRUE
848;"2";0.32348453572655;318;"105";NA;11.3017857871773;"No specified Location";FALSE
32;"104";NA;27;"104";NA;179155.65929557;"No specified Location";TRUE
221;"102";NA;27;"104";NA;2990.29521063108;"No specified Location";FALSE
314;"105";NA;27;"104";NA;23.5779655925871;"No specified Location";FALSE
328;"101";NA;27;"104";NA;24.1980713748817;"No specified Location";FALSE
337;"104";NA;27;"104";NA;11.377556465115;"No specified Location";TRUE
301;"101";NA;27;"104";NA;12.8130422742106;"No specified Location";FALSE
465;"9";1;224;"105";NA;16.920237967799;"No specified Location";FALSE
440;"9";0.666007687843215;224;"105";NA;77.4499183938606;"No specified Location";FALSE
489;"105";NA;224;"105";NA;4942.12846117979;"No specified Location";TRUE
518;"9";0.80577474521471;224;"105";NA;2.59707842109492;"No specified Location";FALSE
582;"102";NA;291;"105";NA;12.60635337024;"No specified Location";FALSE
585;"102";NA;291;"105";NA;3.46470036031678;"No specified Location";FALSE
583;"107";NA;291;"105";NA;0.353005776498321;"No specified Location";FALSE
784;"3";0.439755416722961;291;"105";NA;15.1264575167152;"No specified Location";FALSE
834;"3";0.268302499094678;291;"105";NA;3.11945341352839;"No specified Location";FALSE
833;"105";NA;291;"105";NA;20.1442472380586;"No specified Location";TRUE
775;"105";NA;291;"105";NA;1475.24785436364;"No specified Location";TRUE
770;"107";NA;291;"105";NA;82.9613106721611;"No specified Location";FALSE
776;"105";NA;291;"105";NA;989.359441017441;"No specified Location";TRUE
782;"2";0.514309522953129;291;"105";NA;9.19001534908057;"No specified Location";FALSE
648;"102";NA;291;"105";NA;10.5150561115152;"No specified Location";FALSE
761;"105";NA;291;"105";NA;807.778994217515;"No specified Location";TRUE
543;"9";0.564072656142617;291;"105";NA;13.986289931956;"No specified Location";FALSE
349;"104";NA;291;"105";NA;4.13602083688602;"No specified Location";FALSE
194;"107";NA;291;"105";NA;2.0858551886995;"No specified Location";FALSE
543;"9";0.564072656142617;248;"104";NA;18912.5500512321;"No specified Location";FALSE
594;"105";NA;248;"104";NA;1505.72267279231;"No specified Location";FALSE
537;"104";NA;319;"105";NA;0.78742099115334;"No specified Location";FALSE
453;"9";1;319;"105";NA;22.2346098356829;"No specified Location";FALSE
857;"105";NA;319;"105";NA;80.6264679494197;"No specified Location";TRUE
856;"105";NA;319;"105";NA;5.89148876260879;"No specified Location";TRUE
804;"2";0.870572729387367;312;"105";NA;0.000367593114333431;"No specified Location";FALSE
791;"3";0.0385306775516107;312;"105";NA;42.8529511315796;"No specified Location";FALSE
648;"102";NA;312;"105";NA;389.209907694254;"No specified Location";FALSE
759;"6";0.724080160697966;312;"105";NA;9.03877863081289;"No specified Location";FALSE
194;"107";NA;312;"105";NA;55.6292005579453;"No specified Location";FALSE
749;"102";NA;275;"104";NA;2117.55644589942;"No specified Location";FALSE
693;"102";NA;275;"104";NA;6497.2537566293;"No specified Location";FALSE
727;"102";NA;275;"104";NA;2982.40051777102;"No specified Location";FALSE
662;"9";1;275;"104";NA;275.573225722881;"No specified Location";FALSE
718;"105";NA;275;"104";NA;283.949079789221;"No specified Location";FALSE
723;"102";NA;275;"104";NA;4061.90896680066;"No specified Location";FALSE
745;"105";NA;275;"104";NA;138.342100093141;"No specified Location";FALSE
317;"102";NA;137;"105";NA;8087.61461239867;"No specified Location";FALSE
441;"9";1;137;"105";NA;16.5918649841897;"No specified Location";FALSE
453;"9";1;137;"105";NA;8.43579070363194;"No specified Location";FALSE
425;"102";NA;212;"104";NA;33563.8753937366;"No specified Location";FALSE
344;"104";NA;212;"104";NA;2.67816018825397;"No specified Location";TRUE
402;"105";NA;212;"104";NA;25.2199890172342;"No specified Location";FALSE
413;"105";NA;212;"104";NA;75.6735825046489;"No specified Location";FALSE
430;"105";NA;212;"104";NA;8.9630010924302;"No specified Location";FALSE
518;"9";0.80577474521471;212;"104";NA;72.443991737091;"No specified Location";FALSE
541;"8";NA;212;"104";NA;7.68630968004618;"No specified Location";FALSE
548;"8";NA;212;"104";NA;28.253131098114;"No specified Location";FALSE
334;"101";NA;145;"104";NA;2576.96475748642;"No specified Location";FALSE
335;"105";NA;145;"104";NA;5.95117580974329;"No specified Location";FALSE
345;"105";NA;145;"104";NA;2.1587898331245;"No specified Location";FALSE
340;"104";NA;145;"104";NA;525.510747394961;"No specified Location";TRUE
348;"6";0.606915425271926;145;"104";NA;516.748113687616;"No specified Location";FALSE
316;"101";NA;145;"104";NA;60.1869580120256;"No specified Location";FALSE
337;"104";NA;145;"104";NA;53.2528514189617;"No specified Location";TRUE
324;"105";NA;145;"104";NA;0.535833921087033;"No specified Location";FALSE
286;"102";NA;145;"104";NA;2560.25552842513;"No specified Location";FALSE
335;"105";NA;154;"9";1;26.5512504149228;"No specified Location";FALSE
316;"101";NA;154;"9";1;31.4739174817223;"No specified Location";FALSE
328;"101";NA;154;"9";1;196.076566432021;"No specified Location";FALSE
337;"104";NA;154;"9";1;2139.82736364834;"No specified Location";FALSE
394;"9";1;193;"9";0.898824426123212;21.0524918970186;"No specified Location";TRUE
397;"9";1;193;"9";0.898824426123212;9237.6678216611;"No specified Location";TRUE
409;"101";NA;193;"9";0.898824426123212;1102.44737067568;"No specified Location";FALSE
286;"102";NA;193;"9";0.898824426123212;7.31316147046164;"No specified Location";FALSE
454;"9";0.4337390374285;193;"9";0.898824426123212;144.02581978729;"No specified Location";TRUE
421;"101";NA;193;"9";0.898824426123212;3.56495012459345;"No specified Location";FALSE
396;"9";1;194;"9";0.249905164576513;16.5690156996716;"No specified Location";TRUE
394;"9";1;194;"9";0.249905164576513;12695.2520639139;"No specified Location";TRUE
397;"9";1;194;"9";0.249905164576513;21.9774997385102;"No specified Location";TRUE
337;"104";NA;194;"9";0.249905164576513;1.4091262971051;"No specified Location";FALSE
286;"102";NA;194;"9";0.249905164576513;0.186641134147067;"No specified Location";FALSE
454;"9";0.4337390374285;194;"9";0.249905164576513;190.913069658913;"No specified Location";TRUE
440;"9";0.666007687843215;194;"9";0.249905164576513;34199.6652018973;"No specified Location";TRUE
543;"9";0.564072656142617;194;"9";0.249905164576513;12.3912720859516;"No specified Location";TRUE
489;"105";NA;194;"9";0.249905164576513;61.137413957731;"No specified Location";FALSE
472;"105";NA;196;"9";1;35.4852999931754;"No specified Location";FALSE
482;"101";NA;196;"9";1;4.71920000045793;"No specified Location";FALSE
470;"104";NA;196;"9";1;165.800500007725;"No specified Location";FALSE
486;"105";NA;196;"9";1;34.078649997944;"No specified Location";FALSE
397;"9";1;196;"9";1;33.5844754148056;"No specified Location";TRUE
442;"101";NA;196;"9";1;32.6969951624051;"No specified Location";FALSE
439;"101";NA;196;"9";1;292.609773000237;"No specified Location";FALSE
409;"101";NA;196;"9";1;53.7488283292041;"No specified Location";FALSE
411;"105";NA;196;"9";1;151.410297553521;"No specified Location";FALSE
403;"105";NA;196;"9";1;290.661015490128;"No specified Location";FALSE
412;"107";NA;196;"9";1;119.839248343902;"No specified Location";FALSE
559;"101";NA;196;"9";1;52.0420567982655;"No specified Location";FALSE
553;"104";NA;196;"9";1;27.1995595009066;"No specified Location";FALSE
547;"107";NA;196;"9";1;29.2853224249557;"No specified Location";FALSE
539;"104";NA;196;"9";1;43.8232500061858;"No specified Location";FALSE
454;"9";0.4337390374285;196;"9";1;15560.2099605316;"No specified Location";TRUE
491;"101";NA;196;"9";1;5141.70710000582;"No specified Location";FALSE
492;"101";NA;196;"9";1;1055.81962099485;"No specified Location";FALSE
496;"101";NA;196;"9";1;149.513322420418;"No specified Location";FALSE
421;"101";NA;196;"9";1;4255.53240087396;"No specified Location";FALSE
440;"9";0.666007687843215;196;"9";1;10.2608583546535;"No specified Location";TRUE
564;"105";NA;196;"9";1;281.978335993961;"No specified Location";FALSE
575;"105";NA;196;"9";1;55.3076640084619;"No specified Location";FALSE
580;"101";NA;196;"9";1;8.940252318891;"No specified Location";FALSE
582;"102";NA;196;"9";1;1.4142759012102;"No specified Location";FALSE
583;"107";NA;196;"9";1;0.223201857999811;"No specified Location";FALSE
543;"9";0.564072656142617;196;"9";1;11.5076138416771;"No specified Location";TRUE
425;"102";NA;198;"9";0.605966222004417;132.278337494354;"No specified Location";FALSE
396;"9";1;198;"9";0.605966222004417;13527.4922334681;"No specified Location";TRUE
400;"105";NA;198;"9";0.605966222004417;1958.95578617882;"No specified Location";FALSE
405;"105";NA;198;"9";0.605966222004417;113.254462884972;"No specified Location";FALSE
402;"105";NA;198;"9";0.605966222004417;67.5530623369414;"No specified Location";FALSE
430;"105";NA;198;"9";0.605966222004417;8.65744661462668;"No specified Location";FALSE
465;"9";1;198;"9";0.605966222004417;13296.3460302069;"No specified Location";TRUE
394;"9";1;198;"9";0.605966222004417;8.64933717031954;"No specified Location";TRUE
440;"9";0.666007687843215;198;"9";0.605966222004417;35.5987429162888;"No specified Location";TRUE
489;"105";NA;198;"9";0.605966222004417;42.7928159753792;"No specified Location";FALSE
518;"9";0.80577474521471;198;"9";0.605966222004417;101.954524129163;"No specified Location";TRUE
317;"102";NA;203;"9";1;1.25953713199124;"No specified Location";FALSE
497;"6";0.196115506076856;203;"9";1;38.8466502401279;"No specified Location";FALSE
441;"9";1;203;"9";1;5403.97140286909;"No specified Location";TRUE
500;"6";0.238084361499886;203;"9";1;58.115632874702;"No specified Location";FALSE
562;"9";0.291669813158481;203;"9";1;121.67366597915;"No specified Location";TRUE
610;"105";NA;203;"9";1;608.280000010738;"No specified Location";FALSE
531;"9";0.567013665405127;203;"9";1;117.414378240093;"No specified Location";TRUE
444;"104";NA;203;"9";1;417.483659161458;"No specified Location";FALSE
537;"104";NA;203;"9";1;6587.66305347858;"No specified Location";FALSE
769;"105";NA;203;"9";1;890.33000001125;"No specified Location";FALSE
620;"8";NA;203;"9";1;228.265284640016;"No specified Location";FALSE
453;"9";1;203;"9";1;43268.1440155437;"No specified Location";TRUE
838;"3";0.06793028881648;203;"9";1;9.92227750626625;"No specified Location";FALSE
748;"6";0.213118522713949;203;"9";1;12.441280095758;"No specified Location";FALSE
424;"9";1;206;"6";0.018994385710894;5962.71666305384;"No specified Location";FALSE
418;"101";NA;206;"6";0.018994385710894;2.75543035357259;"No specified Location";FALSE
483;"9";1;206;"6";0.018994385710894;10.200841090118;"No specified Location";FALSE
444;"104";NA;206;"6";0.018994385710894;4.81824455499009;"No specified Location";FALSE
312;"8";NA;207;"9";1;1.35984109144192;"No specified Location";FALSE
424;"9";1;207;"9";1;70.4212114184047;"No specified Location";TRUE
461;"105";NA;207;"9";1;790.964999997872;"No specified Location";FALSE
483;"9";1;207;"9";1;39.617699907627;"No specified Location";TRUE
558;"8";NA;207;"9";1;6.73216483036049;"No specified Location";FALSE
444;"104";NA;207;"9";1;47128.7582393307;"No specified Location";FALSE
589;"8";NA;207;"9";1;116.654646399358;"No specified Location";FALSE
721;"105";NA;207;"9";1;7.91054974542931;"No specified Location";FALSE
740;"105";NA;207;"9";1;572.262540396303;"No specified Location";FALSE
777;"3";0.484218592160539;207;"9";1;48.0692828400643;"No specified Location";FALSE
477;"9";0.920165357842559;211;"9";0.994618067427207;3546.7386258936;"No specified Location";TRUE
500;"6";0.238084361499886;211;"9";0.994618067427207;10.3278231229633;"No specified Location";FALSE
562;"9";0.291669813158481;211;"9";0.994618067427207;15.9562563863583;"No specified Location";TRUE
592;"6";0.590610461121593;211;"9";0.994618067427207;0.897728256648406;"No specified Location";FALSE
531;"9";0.567013665405127;211;"9";0.994618067427207;3.49797639426833;"No specified Location";TRUE
620;"8";NA;211;"9";0.994618067427207;0.0831385623896495;"No specified Location";FALSE
638;"9";0.0978120980482985;211;"9";0.994618067427207;74.4101049824731;"No specified Location";TRUE
662;"9";1;211;"9";0.994618067427207;17.1112176629249;"No specified Location";TRUE
574;"9";0.81923609073883;211;"9";0.994618067427207;14667.9790865006;"No specified Location";TRUE
424;"9";1;220;"9";0.629538325087819;11.9628328932449;"No specified Location";TRUE
418;"101";NA;220;"9";0.629538325087819;158.671372025798;"No specified Location";FALSE
483;"9";1;220;"9";0.629538325087819;14350.2798494937;"No specified Location";TRUE
558;"8";NA;220;"9";0.629538325087819;17.6279697847785;"No specified Location";FALSE
444;"104";NA;220;"9";0.629538325087819;69.3033027286638;"No specified Location";FALSE
477;"9";0.920165357842559;223;"6";0.724019866306409;3.41819152090466;"No specified Location";FALSE
497;"6";0.196115506076856;223;"6";0.724019866306409;965.543349757325;"No specified Location";TRUE
499;"6";0.0782548445173729;223;"6";0.724019866306409;275.120000000577;"No specified Location";TRUE
441;"9";1;223;"6";0.724019866306409;11.7618479542434;"No specified Location";FALSE
500;"6";0.238084361499886;223;"6";0.724019866306409;10152.0454914733;"No specified Location";TRUE
531;"9";0.567013665405127;223;"6";0.724019866306409;71.1126440213993;"No specified Location";FALSE
425;"102";NA;230;"6";0.46569971183266;28.2583306851811;"No specified Location";FALSE
465;"9";1;230;"6";0.46569971183266;3.93762556731235;"No specified Location";FALSE
440;"9";0.666007687843215;230;"6";0.46569971183266;46.904308855359;"No specified Location";FALSE
543;"9";0.564072656142617;230;"6";0.46569971183266;12.0578319753986;"No specified Location";FALSE
544;"8";NA;230;"6";0.46569971183266;0.00136239796120208;"No specified Location";FALSE
489;"105";NA;230;"6";0.46569971183266;2.83574280270841;"No specified Location";FALSE
518;"9";0.80577474521471;230;"6";0.46569971183266;9923.30579895852;"No specified Location";FALSE
477;"9";0.920165357842559;233;"6";0.257162252934841;29.455895367958;"No specified Location";FALSE
500;"6";0.238084361499886;233;"6";0.257162252934841;0.57259630470071;"No specified Location";TRUE
562;"9";0.291669813158481;233;"6";0.257162252934841;11160.9150776479;"No specified Location";FALSE
592;"6";0.590610461121593;233;"6";0.257162252934841;406.452271755785;"No specified Location";TRUE
531;"9";0.567013665405127;233;"6";0.257162252934841;10087.1900013457;"No specified Location";FALSE
693;"102";NA;233;"6";0.257162252934841;12.4579280116595;"No specified Location";FALSE
620;"8";NA;233;"6";0.257162252934841;21784.3233311954;"No specified Location";FALSE
453;"9";1;233;"6";0.257162252934841;145.544072806864;"No specified Location";FALSE
574;"9";0.81923609073883;233;"6";0.257162252934841;42.4413115795251;"No specified Location";FALSE
748;"6";0.213118522713949;233;"6";0.257162252934841;36.7103263473127;"No specified Location";TRUE
425;"102";NA;241;"6";0.258123622736349;5.59083671285771;"No specified Location";FALSE
440;"9";0.666007687843215;241;"6";0.258123622736349;74.3945959559642;"No specified Location";FALSE
580;"101";NA;241;"6";0.258123622736349;125.827759053282;"No specified Location";FALSE
582;"102";NA;241;"6";0.258123622736349;19.253493410768;"No specified Location";FALSE
730;"105";NA;241;"6";0.258123622736349;170.60998849824;"No specified Location";FALSE
543;"9";0.564072656142617;241;"6";0.258123622736349;94902.390907045;"No specified Location";FALSE
695;"6";0.665952915876931;241;"6";0.258123622736349;34.4615421180497;"No specified Location";TRUE
674;"6";1;241;"6";0.258123622736349;25.4231978892349;"No specified Location";TRUE
544;"8";NA;241;"6";0.258123622736349;15767.9986376227;"No specified Location";FALSE
518;"9";0.80577474521471;241;"6";0.258123622736349;69.4603991422337;"No specified Location";FALSE
541;"8";NA;241;"6";0.258123622736349;274.405485048366;"No specified Location";FALSE
418;"101";NA;253;"6";0.0606276060554452;0.365884696075227;"No specified Location";FALSE
558;"8";NA;253;"6";0.0606276060554452;2.37630787375383;"No specified Location";FALSE
444;"104";NA;253;"6";0.0606276060554452;75.9751868059539;"No specified Location";FALSE
589;"8";NA;253;"6";0.0606276060554452;36386.3892094926;"No specified Location";FALSE
587;"101";NA;253;"6";0.0606276060554452;291.333835169673;"No specified Location";FALSE
721;"105";NA;253;"6";0.0606276060554452;0.25730218514218;"No specified Location";FALSE
620;"8";NA;260;"6";0.722746863409091;50.1416678519454;"No specified Location";FALSE
638;"9";0.0978120980482985;260;"6";0.722746863409091;7416.52667213418;"No specified Location";FALSE
662;"9";1;260;"6";0.722746863409091;8.2836297773174;"No specified Location";FALSE
574;"9";0.81923609073883;260;"6";0.722746863409091;3.24187799874926;"No specified Location";FALSE
749;"102";NA;262;"9";1;918.340728150448;"No specified Location";FALSE
693;"102";NA;262;"9";1;5961.8026768798;"No specified Location";FALSE
620;"8";NA;262;"9";1;28.3517418201081;"No specified Location";FALSE
638;"9";0.0978120980482985;262;"9";1;68.3982228846294;"No specified Location";TRUE
662;"9";1;262;"9";1;2282.15516317775;"No specified Location";TRUE
574;"9";0.81923609073883;262;"9";1;0.0105416565056657;"No specified Location";TRUE
750;"6";0.865935720198607;262;"9";1;24.6252024823334;"No specified Location";FALSE
659;"105";NA;267;"6";0.629941844950683;40.6806622630684;"No specified Location";FALSE
652;"105";NA;267;"6";0.629941844950683;36.9746999638446;"No specified Location";FALSE
653;"6";0.242483851659319;267;"6";0.629941844950683;6551.23157838712;"No specified Location";TRUE
690;"105";NA;267;"6";0.629941844950683;331.938836909132;"No specified Location";FALSE
668;"6";0.301392971999253;267;"6";0.629941844950683;4633.29851617241;"No specified Location";TRUE
678;"105";NA;267;"6";0.629941844950683;160.24582093698;"No specified Location";FALSE
730;"105";NA;267;"6";0.629941844950683;110.106282965513;"No specified Location";FALSE
695;"6";0.665952915876931;267;"6";0.629941844950683;7037.44321526261;"No specified Location";TRUE
674;"6";1;267;"6";0.629941844950683;16.6613451967364;"No specified Location";TRUE
541;"8";NA;267;"6";0.629941844950683;40.3820882246946;"No specified Location";FALSE
548;"8";NA;267;"6";0.629941844950683;12.5919070734235;"No specified Location";FALSE
578;"8";NA;267;"6";0.629941844950683;2.45859099365771;"No specified Location";FALSE
690;"105";NA;272;"6";0.197460688003698;16.9411630847608;"No specified Location";FALSE
668;"6";0.301392971999253;272;"6";0.197460688003698;17.236483822111;"No specified Location";TRUE
695;"6";0.665952915876931;272;"6";0.197460688003698;74.9602426439524;"No specified Location";TRUE
674;"6";1;272;"6";0.197460688003698;3977.32930517429;"No specified Location";TRUE
541;"8";NA;272;"6";0.197460688003698;11.4517599572428;"No specified Location";FALSE
589;"8";NA;277;"9";0.942603365174284;126.726526034996;"No specified Location";FALSE
587;"101";NA;277;"9";0.942603365174284;7.78909729095176;"No specified Location";FALSE
585;"102";NA;277;"9";0.942603365174284;12.7140261625173;"No specified Location";FALSE
721;"105";NA;277;"9";0.942603365174284;1629.63937929273;"No specified Location";FALSE
724;"9";0.76939248388338;277;"9";0.942603365174284;23382.1574965995;"No specified Location";TRUE
740;"105";NA;277;"9";0.942603365174284;1310.52245959826;"No specified Location";FALSE
777;"3";0.484218592160539;277;"9";0.942603365174284;15.2305726513732;"No specified Location";FALSE
766;"6";0.588184586148547;277;"9";0.942603365174284;42.4951398858102;"No specified Location";FALSE
620;"8";NA;284;"6";0.196967570202272;13.8386058573378;"No specified Location";FALSE
453;"9";1;284;"6";0.196967570202272;41.569219573983;"No specified Location";FALSE
750;"6";0.865935720198607;284;"6";0.196967570202272;148.029301726863;"No specified Location";TRUE
808;"6";0.154323144578332;284;"6";0.196967570202272;12.2214442126742;"No specified Location";TRUE
855;"6";0.231417520382137;284;"6";0.196967570202272;0.0507427828915752;"No specified Location";TRUE
838;"3";0.06793028881648;284;"6";0.196967570202272;31.9940064968541;"No specified Location";FALSE
748;"6";0.213118522713949;284;"6";0.196967570202272;11610.9356734181;"No specified Location";TRUE
749;"102";NA;285;"6";0.819238125740683;73.90497392416;"No specified Location";FALSE
693;"102";NA;285;"6";0.819238125740683;1.50783414469333;"No specified Location";FALSE
620;"8";NA;285;"6";0.819238125740683;3.84123003661807;"No specified Location";FALSE
750;"6";0.865935720198607;285;"6";0.819238125740683;28500.0529496945;"No specified Location";TRUE
808;"6";0.154323144578332;285;"6";0.819238125740683;74.419134347183;"No specified Location";TRUE
778;"6";0.679941193855847;285;"6";0.819238125740683;153.773393408366;"No specified Location";TRUE
748;"6";0.213118522713949;285;"6";0.819238125740683;2.52501332928659;"No specified Location";TRUE
750;"6";0.865935720198607;290;"6";0.786257510733075;9.64240547633381;"No specified Location";TRUE
778;"6";0.679941193855847;290;"6";0.786257510733075;8515.60068501905;"No specified Location";TRUE
789;"2";0.770969802528575;292;"2";0.0874836010951696;27.9309944951674;"No specified Location";TRUE
774;"3";0.103621330209316;292;"2";0.0874836010951696;15.5297098221272;"No specified Location";FALSE
760;"3";0.0804379293873165;292;"2";0.0874836010951696;6847.88599784765;"No specified Location";FALSE
781;"3";0.614266038483175;292;"2";0.0874836010951696;56.9014692892088;"No specified Location";FALSE
793;"3";0.357225286031896;292;"2";0.0874836010951696;1027.16769680608;"No specified Location";FALSE
815;"2";0.661943608313663;292;"2";0.0874836010951696;1.54902725681313;"No specified Location";TRUE
648;"102";NA;292;"2";0.0874836010951696;65.0849549705163;"No specified Location";FALSE
759;"6";0.724080160697966;292;"2";0.0874836010951696;20.3665392769035;"No specified Location";FALSE
585;"102";NA;293;"2";0.69980631921934;22.4584063829388;"No specified Location";FALSE
724;"9";0.76939248388338;293;"2";0.69980631921934;34.4016090067162;"No specified Location";FALSE
795;"3";0.112250552401753;293;"2";0.69980631921934;2.59351123258421;"No specified Location";FALSE
777;"3";0.484218592160539;293;"2";0.69980631921934;45.9046768061817;"No specified Location";FALSE
766;"6";0.588184586148547;293;"2";0.69980631921934;5838.20245557884;"No specified Location";FALSE
784;"3";0.439755416722961;293;"2";0.69980631921934;5.6184940679741;"No specified Location";FALSE
779;"105";NA;293;"2";0.69980631921934;13.7799784017261;"No specified Location";FALSE
724;"9";0.76939248388338;295;"2";0.50956550334667;50.0323639875278;"No specified Location";FALSE
777;"3";0.484218592160539;295;"2";0.50956550334667;7297.73577042785;"No specified Location";FALSE
789;"2";0.770969802528575;297;"2";0.973734660924762;2158.17359496932;"No specified Location";TRUE
774;"3";0.103621330209316;297;"2";0.973734660924762;4042.85971301375;"No specified Location";FALSE
648;"102";NA;297;"2";0.973734660924762;67.5574845271185;"No specified Location";FALSE
795;"3";0.112250552401753;302;"2";0.640583850022921;6.73156498312892;"No specified Location";FALSE
766;"6";0.588184586148547;302;"2";0.640583850022921;22.102061228361;"No specified Location";FALSE
784;"3";0.439755416722961;302;"2";0.640583850022921;6460.01182434987;"No specified Location";FALSE
844;"3";0.487496805806359;302;"2";0.640583850022921;1.4896985155292;"No specified Location";FALSE
834;"3";0.268302499094678;302;"2";0.640583850022921;15.0130121237598;"No specified Location";FALSE
841;"2";0.551379264729076;302;"2";0.640583850022921;40.8651213166595;"No specified Location";TRUE
775;"105";NA;302;"2";0.640583850022921;20.7748686196283;"No specified Location";FALSE
779;"105";NA;302;"2";0.640583850022921;37.4486970885191;"No specified Location";FALSE
776;"105";NA;303;"2";0.47658078622398;7.72133157332428;"No specified Location";FALSE
782;"2";0.514309522953129;303;"2";0.47658078622398;1627.38200239791;"No specified Location";TRUE
774;"3";0.103621330209316;303;"2";0.47658078622398;45.5989042241417;"No specified Location";FALSE
648;"102";NA;303;"2";0.47658078622398;7.23306108737597;"No specified Location";FALSE
760;"3";0.0804379293873165;304;"2";0.272522341857065;11.5224379840656;"No specified Location";FALSE
781;"3";0.614266038483175;304;"2";0.272522341857065;2313.20791349025;"No specified Location";FALSE
793;"3";0.357225286031896;304;"2";0.272522341857065;0.39629110514943;"No specified Location";FALSE
815;"2";0.661943608313663;304;"2";0.272522341857065;0.41609251324553;"No specified Location";TRUE
791;"3";0.0385306775516107;304;"2";0.272522341857065;7.17675746808527;"No specified Location";FALSE
759;"6";0.724080160697966;304;"2";0.272522341857065;15.8666460934401;"No specified Location";FALSE
750;"6";0.865935720198607;305;"6";0.241879873675539;0.0575415752027766;"No specified Location";TRUE
808;"6";0.154323144578332;305;"6";0.241879873675539;2504.33479664568;"No specified Location";TRUE
855;"6";0.231417520382137;305;"6";0.241879873675539;16.5654562828131;"No specified Location";TRUE
795;"3";0.112250552401753;306;"2";0.977652034419948;5294.30350774596;"No specified Location";FALSE
777;"3";0.484218592160539;306;"2";0.977652034419948;109.975160382688;"No specified Location";FALSE
766;"6";0.588184586148547;306;"2";0.977652034419948;4.25929875555448;"No specified Location";FALSE
784;"3";0.439755416722961;306;"2";0.977652034419948;15.0125005424488;"No specified Location";FALSE
781;"3";0.614266038483175;307;"2";0.790490657612173;31.4756172234192;"No specified Location";FALSE
815;"2";0.661943608313663;307;"2";0.790490657612173;320.536253347527;"No specified Location";TRUE
804;"2";0.870572729387367;307;"2";0.790490657612173;503.159622512292;"No specified Location";TRUE
791;"3";0.0385306775516107;307;"2";0.790490657612173;879.82149941544;"No specified Location";FALSE
759;"6";0.724080160697966;307;"2";0.790490657612173;1.44636240627369;"No specified Location";FALSE
855;"6";0.231417520382137;309;"2";0.566029849888955;2.93395190266892;"No specified Location";FALSE
838;"3";0.06793028881648;309;"2";0.566029849888955;1516.85445703007;"No specified Location";FALSE
748;"6";0.213118522713949;309;"2";0.566029849888955;9.94270678143948;"No specified Location";FALSE
444;"104";NA;311;"5";0.247161096850861;77.7232152707456;"No specified Location";FALSE
832;"105";NA;311;"5";0.247161096850861;790.278348652646;"No specified Location";FALSE
848;"2";0.32348453572655;311;"5";0.247161096850861;1.91381026492309;"No specified Location";FALSE
850;"2";0.572496835848959;311;"5";0.247161096850861;157.100065535808;"No specified Location";FALSE
795;"3";0.112250552401753;311;"5";0.247161096850861;25.3991373345489;"No specified Location";FALSE
777;"3";0.484218592160539;311;"5";0.247161096850861;0.864536901179235;"No specified Location";FALSE
808;"6";0.154323144578332;313;"6";0.517300086049073;16.4073203629814;"No specified Location";TRUE
855;"6";0.231417520382137;313;"6";0.517300086049073;453.770927932012;"No specified Location";TRUE
444;"104";NA;314;"2";0.434725045652968;27.7571617944632;"No specified Location";FALSE
832;"105";NA;314;"2";0.434725045652968;0.392552163248183;"No specified Location";FALSE
848;"2";0.32348453572655;314;"2";0.434725045652968;267.761042341968;"No specified Location";TRUE
784;"3";0.439755416722961;316;"2";0.780840215585239;55.6622609968763;"No specified Location";FALSE
834;"3";0.268302499094678;316;"2";0.780840215585239;173.331076905597;"No specified Location";FALSE
841;"2";0.551379264729076;316;"2";0.780840215585239;0.586335195315769;"No specified Location";TRUE
841;"2";0.551379264729076;320;"2";0.974168440201033;3.62152505828999;"No specified Location";TRUE
774;"3";0.103621330209316;124;"8";NA;32.0069999848492;"No specified Location";FALSE
760;"3";0.0804379293873165;124;"8";NA;16.8115641563199;"No specified Location";FALSE
791;"3";0.0385306775516107;124;"8";NA;20.4170681367395;"No specified Location";FALSE
680;"8";NA;124;"8";NA;23138.2843271066;"No specified Location";TRUE
689;"101";NA;124;"8";NA;343.053234512918;"No specified Location";FALSE
659;"105";NA;124;"8";NA;67.3093377384357;"No specified Location";FALSE
647;"105";NA;124;"8";NA;44.2178363557905;"No specified Location";FALSE
652;"105";NA;124;"8";NA;53.5401847932371;"No specified Location";FALSE
653;"6";0.242483851659319;124;"8";NA;17.465588142979;"No specified Location";FALSE
743;"105";NA;124;"8";NA;773.409999995492;"No specified Location";FALSE
744;"8";0.940209137927258;124;"8";NA;3045.18500000704;"No specified Location";TRUE
648;"102";NA;124;"8";NA;8300.23728939367;"No specified Location";FALSE
751;"9";1;124;"8";NA;8038.20945192873;"No specified Location";FALSE
759;"6";0.724080160697966;124;"8";NA;4837.28202358773;"No specified Location";FALSE
678;"105";NA;124;"8";NA;3797.13417904731;"No specified Location";FALSE
730;"105";NA;124;"8";NA;2.98872853838839;"No specified Location";FALSE
761;"105";NA;124;"8";NA;7.14623384503648;"No specified Location";FALSE
543;"9";0.564072656142617;124;"8";NA;107.761710942126;"No specified Location";FALSE
578;"8";NA;124;"8";NA;1494.46415330633;"No specified Location";TRUE
349;"104";NA;124;"8";NA;4911.17050547525;"No specified Location";FALSE
194;"107";NA;124;"8";NA;1586.98048198564;"No specified Location";FALSE
307;"102";NA;135;"8";NA;286.432358747814;"No specified Location";FALSE
312;"8";NA;135;"8";NA;22510.7100191141;"No specified Location";TRUE
361;"9";0.850520099826412;135;"8";NA;2884.65905310074;"No specified Location";FALSE
339;"102";NA;135;"8";NA;985.777988311485;"No specified Location";FALSE
424;"9";1;135;"8";NA;32.3798858462833;"No specified Location";FALSE
418;"101";NA;135;"8";NA;1.28497269353829;"No specified Location";FALSE
444;"104";NA;135;"8";NA;6.2897808553098;"No specified Location";FALSE
425;"102";NA;242;"8";NA;94.8963392832993;"No specified Location";FALSE
653;"6";0.242483851659319;242;"8";NA;18.3897096188157;"No specified Location";FALSE
543;"9";0.564072656142617;242;"8";NA;86.0356295872189;"No specified Location";FALSE
674;"6";1;242;"8";NA;39.0611517494544;"No specified Location";FALSE
541;"8";NA;242;"8";NA;74045.0815044027;"No specified Location";TRUE
548;"8";NA;242;"8";NA;55.7822273362981;"No specified Location";TRUE
647;"105";NA;246;"8";NA;25.0376359043512;"No specified Location";FALSE
652;"105";NA;246;"8";NA;41.6051152419095;"No specified Location";FALSE
653;"6";0.242483851659319;246;"8";NA;6.01812385208905;"No specified Location";FALSE
541;"8";NA;246;"8";NA;17.7591779733775;"No specified Location";TRUE
548;"8";NA;246;"8";NA;15232.5707212257;"No specified Location";TRUE
578;"8";NA;246;"8";NA;0.0292298339554691;"No specified Location";TRUE
60;"102";NA;39;"104";NA;1586.16250223664;"No specified Location";FALSE
32;"104";NA;39;"104";NA;86642.3985121059;"No specified Location";TRUE
221;"102";NA;39;"104";NA;0.0818488587101456;"No specified Location";FALSE
301;"101";NA;39;"104";NA;372.447709691565;"No specified Location";FALSE
60;"102";NA;45;"104";NA;79488.0855065933;"No specified Location";FALSE
32;"104";NA;45;"104";NA;12830.1041707258;"No specified Location";TRUE
301;"101";NA;45;"104";NA;16.5054334945453;"No specified Location";FALSE
168;"104";NA;46;"104";NA;109.167487261817;"No specified Location";TRUE
397;"9";1;46;"104";NA;30.8547031865455;"No specified Location";FALSE
411;"105";NA;46;"104";NA;0.957685350738757;"No specified Location";FALSE
403;"105";NA;46;"104";NA;2.80688451378956;"No specified Location";FALSE
337;"104";NA;46;"104";NA;0.0339171860832721;"No specified Location";TRUE
260;"104";NA;46;"104";NA;0.0854328077984974;"No specified Location";TRUE
315;"104";NA;46;"104";NA;16.3945949996123;"No specified Location";TRUE
313;"105";NA;46;"104";NA;5.5546989995637;"No specified Location";FALSE
305;"101";NA;46;"104";NA;4.11617699981434;"No specified Location";FALSE
298;"105";NA;46;"104";NA;8.83127124785096;"No specified Location";FALSE
276;"101";NA;46;"104";NA;301.531490392983;"No specified Location";FALSE
299;"104";NA;46;"104";NA;76.453500436779;"No specified Location";TRUE
290;"101";NA;46;"104";NA;185.914805004155;"No specified Location";FALSE
282;"105";NA;46;"104";NA;84.9909460020717;"No specified Location";FALSE
287;"107";NA;46;"104";NA;8.73241752019385;"No specified Location";FALSE
286;"102";NA;46;"104";NA;8075.45463701664;"No specified Location";FALSE
320;"102";NA;46;"104";NA;844.079748240008;"No specified Location";FALSE
323;"107";NA;46;"104";NA;198.798961398483;"No specified Location";FALSE
32;"104";NA;47;"104";NA;88962.8774406645;"No specified Location";TRUE
172;"107";NA;73;"104";NA;14.6288001811481;"No specified Location";FALSE
110;"107";NA;73;"104";NA;0.250574784033233;"No specified Location";FALSE
60;"102";NA;73;"104";NA;3340.59782533534;"No specified Location";FALSE
105;"107";NA;73;"104";NA;20828.5279195316;"No specified Location";FALSE
209;"104";NA;73;"104";NA;26.7691038412813;"No specified Location";TRUE
110;"107";NA;74;"107";NA;53.2099183863029;"No specified Location";TRUE
105;"107";NA;74;"107";NA;353.052820554876;"No specified Location";TRUE
172;"107";NA;86;"107";NA;20.1469706499483;"No specified Location";TRUE
60;"102";NA;86;"107";NA;5.32164431444835;"No specified Location";FALSE
209;"104";NA;86;"107";NA;3.79344320413657;"No specified Location";FALSE
32;"104";NA;107;"102";NA;414.42156946461;"No specified Location";FALSE
268;"105";NA;107;"102";NA;3464.65885001468;"No specified Location";FALSE
227;"104";NA;107;"102";NA;16342.1900012941;"No specified Location";FALSE
277;"105";NA;107;"102";NA;2999.28000000026;"No specified Location";FALSE
279;"105";NA;107;"102";NA;1905.74999998929;"No specified Location";FALSE
221;"102";NA;107;"102";NA;22463.7023002654;"No specified Location";TRUE
338;"102";NA;107;"102";NA;83.6877355605466;"No specified Location";TRUE
344;"104";NA;107;"102";NA;37.9631700650789;"No specified Location";FALSE
314;"105";NA;107;"102";NA;1061.34201111621;"No specified Location";FALSE
337;"104";NA;107;"102";NA;159.5928076813;"No specified Location";FALSE
168;"104";NA;109;"101";NA;113.708908923145;"No specified Location";FALSE
60;"102";NA;109;"101";NA;17264.9189931643;"No specified Location";FALSE
32;"104";NA;109;"101";NA;188.648941549938;"No specified Location";FALSE
316;"101";NA;109;"101";NA;66.2204442502116;"No specified Location";TRUE
301;"101";NA;109;"101";NA;311.181712531252;"No specified Location";TRUE
321;"105";NA;109;"101";NA;15.7332464231176;"No specified Location";FALSE
291;"101";NA;109;"101";NA;76.0536220418289;"No specified Location";TRUE
260;"104";NA;109;"101";NA;449.010981565341;"No specified Location";FALSE
273;"105";NA;109;"101";NA;16.0788595333579;"No specified Location";FALSE
276;"101";NA;109;"101";NA;200.641233885577;"No specified Location";TRUE
274;"104";NA;109;"101";NA;1.23173199992016;"No specified Location";FALSE
271;"105";NA;109;"101";NA;6.00137544353493;"No specified Location";FALSE
286;"102";NA;109;"101";NA;0.130884284619242;"No specified Location";FALSE
60;"102";NA;114;"104";NA;888.772448228992;"No specified Location";FALSE
260;"104";NA;114;"104";NA;3682.48421280162;"No specified Location";TRUE
263;"101";NA;114;"104";NA;23.9467499939055;"No specified Location";FALSE
273;"105";NA;114;"104";NA;126.276040463737;"No specified Location";FALSE
298;"105";NA;114;"104";NA;0.00237875183529468;"No specified Location";FALSE
276;"101";NA;114;"104";NA;0.222376641862866;"No specified Location";FALSE
286;"102";NA;114;"104";NA;74.8335940438556;"No specified Location";FALSE
168;"104";NA;118;"101";NA;77.3619467020035;"No specified Location";FALSE
276;"101";NA;118;"101";NA;314.632072080858;"No specified Location";TRUE
411;"105";NA;120;"107";NA;0.13469177611114;"No specified Location";FALSE
299;"104";NA;120;"107";NA;102.859299562639;"No specified Location";FALSE
287;"107";NA;120;"107";NA;938.936303003575;"No specified Location";TRUE
307;"102";NA;120;"107";NA;126.176680773089;"No specified Location";FALSE
286;"102";NA;120;"107";NA;0.00224157440970885;"No specified Location";FALSE
320;"102";NA;120;"107";NA;104.313535753172;"No specified Location";FALSE
323;"107";NA;120;"107";NA;4632.79401067575;"No specified Location";TRUE
339;"102";NA;120;"107";NA;2.65499325560813;"No specified Location";FALSE
412;"107";NA;120;"107";NA;3.92483686568812;"No specified Location";TRUE
60;"102";NA;130;"101";NA;42.1253243545616;"No specified Location";FALSE
316;"101";NA;130;"101";NA;47.7842111314894;"No specified Location";TRUE
324;"105";NA;130;"101";NA;2.33935472435405;"No specified Location";FALSE
291;"101";NA;130;"101";NA;1398.93556922779;"No specified Location";TRUE
260;"104";NA;130;"101";NA;2.67807284556329;"No specified Location";FALSE
286;"102";NA;130;"101";NA;1137.47606707535;"No specified Location";FALSE
307;"102";NA;131;"105";NA;157.582125611429;"No specified Location";FALSE
361;"9";0.850520099826412;131;"105";NA;194.337746923324;"No specified Location";FALSE
323;"107";NA;131;"105";NA;295.685171457793;"No specified Location";FALSE
339;"102";NA;131;"105";NA;1403.37272238918;"No specified Location";FALSE
412;"107";NA;131;"105";NA;0.243161799066002;"No specified Location";FALSE
417;"101";NA;131;"105";NA;0.844683488921874;"No specified Location";FALSE
418;"101";NA;131;"105";NA;0.31584477661454;"No specified Location";FALSE
317;"102";NA;136;"104";NA;195.287858123003;"No specified Location";FALSE
312;"8";NA;136;"104";NA;160.093426991254;"No specified Location";FALSE
334;"101";NA;139;"104";NA;15.9370672722871;"No specified Location";FALSE
337;"104";NA;139;"104";NA;10.9807239988004;"No specified Location";TRUE
291;"101";NA;139;"104";NA;45.9601587253856;"No specified Location";FALSE
286;"102";NA;139;"104";NA;25164.3949094312;"No specified Location";FALSE
32;"104";NA;143;"101";NA;64.4078448601067;"No specified Location";FALSE
316;"101";NA;143;"101";NA;0.775476452661678;"No specified Location";TRUE
301;"101";NA;143;"101";NA;304.849006067961;"No specified Location";TRUE
316;"101";NA;144;"101";NA;647.857366079465;"No specified Location";TRUE
321;"105";NA;144;"101";NA;6.79145907645579;"No specified Location";FALSE
335;"105";NA;147;"104";NA;304.617545999354;"No specified Location";FALSE
340;"104";NA;147;"104";NA;0.0133044404792599;"No specified Location";TRUE
316;"101";NA;147;"104";NA;483.379489551065;"No specified Location";FALSE
337;"104";NA;147;"104";NA;3.79280354268849;"No specified Location";TRUE
316;"101";NA;149;"101";NA;14.6925227165921;"No specified Location";TRUE
328;"101";NA;149;"101";NA;51.4500248667318;"No specified Location";TRUE
301;"101";NA;149;"101";NA;0.468564921437064;"No specified Location";TRUE
316;"101";NA;151;"101";NA;29.8858335183468;"No specified Location";TRUE
328;"101";NA;151;"101";NA;34.59438029374;"No specified Location";TRUE
221;"102";NA;153;"104";NA;27.6817199680681;"No specified Location";FALSE
392;"105";NA;153;"104";NA;35.7605805167987;"No specified Location";FALSE
344;"104";NA;153;"104";NA;3.28124588718492;"No specified Location";TRUE
328;"101";NA;153;"104";NA;1927.25584165762;"No specified Location";FALSE
337;"104";NA;153;"104";NA;39080.3554268335;"No specified Location";TRUE
301;"101";NA;153;"104";NA;6.84063810377847;"No specified Location";FALSE
337;"104";NA;160;"105";NA;193.594024899416;"No specified Location";FALSE
227;"104";NA;161;"104";NA;27.5120987060945;"No specified Location";TRUE
221;"102";NA;161;"104";NA;30.2188615262785;"No specified Location";FALSE
425;"102";NA;161;"104";NA;4.16941859782673;"No specified Location";FALSE
338;"102";NA;161;"104";NA;14305.0338220524;"No specified Location";FALSE
392;"105";NA;161;"104";NA;66.4581515075188;"No specified Location";FALSE
344;"104";NA;161;"104";NA;3187.9253703265;"No specified Location";TRUE
402;"105";NA;161;"104";NA;121.437688536505;"No specified Location";FALSE
413;"105";NA;161;"104";NA;123.278595998418;"No specified Location";FALSE
337;"104";NA;161;"104";NA;1.53273753654503;"No specified Location";TRUE
338;"102";NA;166;"104";NA;36.1564917046926;"No specified Location";FALSE
392;"105";NA;166;"104";NA;65.2225449800317;"No specified Location";FALSE
344;"104";NA;166;"104";NA;12801.7025579412;"No specified Location";TRUE
337;"104";NA;166;"104";NA;106.846767782652;"No specified Location";TRUE
317;"102";NA;174;"104";NA;293.181226094137;"No specified Location";FALSE
312;"8";NA;174;"104";NA;28.1425604852848;"No specified Location";FALSE
444;"104";NA;174;"104";NA;0.0793407360761194;"No specified Location";TRUE
453;"9";1;174;"104";NA;0.772248187022342;"No specified Location";FALSE
392;"105";NA;188;"105";NA;57.8187230027397;"No specified Location";TRUE
396;"9";1;188;"105";NA;41.3454743623033;"No specified Location";FALSE
400;"105";NA;188;"105";NA;41.216555214487;"No specified Location";TRUE
405;"105";NA;188;"105";NA;145.210537109291;"No specified Location";TRUE
402;"105";NA;188;"105";NA;91.0763911941613;"No specified Location";TRUE
394;"9";1;188;"105";NA;157.426106998217;"No specified Location";FALSE
337;"104";NA;188;"105";NA;1760.34311368561;"No specified Location";FALSE
286;"102";NA;188;"105";NA;7.63906811992638;"No specified Location";FALSE
442;"101";NA;200;"107";NA;121.617154830601;"No specified Location";FALSE
411;"105";NA;200;"107";NA;6.68355330708437;"No specified Location";FALSE
412;"107";NA;200;"107";NA;6292.14669803181;"No specified Location";TRUE
417;"101";NA;200;"107";NA;48.2451885296032;"No specified Location";FALSE
559;"101";NA;200;"107";NA;29.3898431896232;"No specified Location";FALSE
547;"107";NA;200;"107";NA;2.2444565702026;"No specified Location";TRUE
496;"101";NA;200;"107";NA;81.2565275627421;"No specified Location";FALSE
583;"107";NA;200;"107";NA;0.743713286472484;"No specified Location";TRUE
412;"107";NA;202;"105";NA;185.241970081348;"No specified Location";FALSE
417;"101";NA;202;"105";NA;1816.73431098834;"No specified Location";FALSE
418;"101";NA;202;"105";NA;293.952859588782;"No specified Location";FALSE
424;"9";1;205;"105";NA;49.3144068019465;"No specified Location";FALSE
417;"101";NA;205;"105";NA;90.6056478382088;"No specified Location";FALSE
418;"101";NA;205;"105";NA;4832.41789392848;"No specified Location";FALSE
483;"9";1;205;"105";NA;40.4528378648683;"No specified Location";FALSE
402;"105";NA;208;"105";NA;432.604957139003;"No specified Location";TRUE
444;"104";NA;209;"104";NA;807.669305681949;"No specified Location";TRUE
425;"102";NA;213;"105";NA;59.1150516188063;"No specified Location";FALSE
396;"9";1;213;"105";NA;9.43327652313747;"No specified Location";FALSE
400;"105";NA;213;"105";NA;8.41765860732994;"No specified Location";TRUE
402;"105";NA;213;"105";NA;50.2636321038008;"No specified Location";TRUE
430;"105";NA;213;"105";NA;207.926916553261;"No specified Location";TRUE
425;"102";NA;217;"104";NA;2369.00107669784;"No specified Location";FALSE
444;"104";NA;234;"105";NA;4373.0525900973;"No specified Location";FALSE
537;"104";NA;234;"105";NA;146.208130966086;"No specified Location";FALSE
425;"102";NA;238;"104";NA;221.415653595468;"No specified Location";FALSE
444;"104";NA;240;"105";NA;71.8712930298061;"No specified Location";FALSE
537;"104";NA;240;"105";NA;2279.93652056635;"No specified Location";FALSE
418;"101";NA;243;"105";NA;64.4187322915095;"No specified Location";FALSE
483;"9";1;243;"105";NA;77.133771646535;"No specified Location";FALSE
558;"8";NA;243;"105";NA;6068.92855751247;"No specified Location";FALSE
444;"104";NA;243;"105";NA;12.2630133934681;"No specified Location";FALSE
589;"8";NA;243;"105";NA;106.96837281133;"No specified Location";FALSE
444;"104";NA;245;"105";NA;2059.08872288559;"No specified Location";FALSE
580;"101";NA;249;"105";NA;5990.38028858975;"No specified Location";FALSE
582;"102";NA;249;"105";NA;2051.43613512552;"No specified Location";FALSE
583;"107";NA;249;"105";NA;59.8785427142866;"No specified Location";FALSE
761;"105";NA;249;"105";NA;0.102681826450862;"No specified Location";TRUE
543;"9";0.564072656142617;249;"105";NA;50.6852853746386;"No specified Location";FALSE
412;"107";NA;250;"107";NA;1.44417201844044;"No specified Location";TRUE
582;"102";NA;250;"107";NA;436.97738609463;"No specified Location";FALSE
585;"102";NA;250;"107";NA;61.5688458364457;"No specified Location";FALSE
583;"107";NA;250;"107";NA;5420.00325724296;"No specified Location";TRUE
412;"107";NA;251;"105";NA;0.159747877820337;"No specified Location";FALSE
417;"101";NA;251;"105";NA;1.97591521155846;"No specified Location";FALSE
418;"101";NA;251;"105";NA;0.0659015307246591;"No specified Location";FALSE
587;"101";NA;251;"105";NA;111.572819804656;"No specified Location";FALSE
585;"102";NA;251;"105";NA;3094.29525097297;"No specified Location";FALSE
583;"107";NA;251;"105";NA;236.587873153199;"No specified Location";FALSE
724;"9";0.76939248388338;251;"105";NA;1.00648152978101;"No specified Location";FALSE
766;"6";0.588184586148547;251;"105";NA;7.09353760373779;"No specified Location";FALSE
418;"101";NA;252;"105";NA;12.3011580414604;"No specified Location";FALSE
589;"8";NA;252;"105";NA;61.2862452348272;"No specified Location";FALSE
587;"101";NA;252;"105";NA;6149.68724774173;"No specified Location";FALSE
585;"102";NA;252;"105";NA;88.8819947747397;"No specified Location";FALSE
721;"105";NA;252;"105";NA;5.25776878834586;"No specified Location";TRUE
724;"9";0.76939248388338;252;"105";NA;77.6720489212312;"No specified Location";FALSE
648;"102";NA;263;"107";NA;180.779470671143;"No specified Location";FALSE
349;"104";NA;263;"107";NA;0.194583880889695;"No specified Location";FALSE
194;"107";NA;263;"107";NA;4515.56735858758;"No specified Location";TRUE
680;"8";NA;271;"104";NA;104.539477389771;"No specified Location";FALSE
648;"102";NA;271;"104";NA;2071.65098912688;"No specified Location";FALSE
751;"9";1;271;"104";NA;4.81723524451081;"No specified Location";FALSE
759;"6";0.724080160697966;271;"104";NA;4.92560556367971;"No specified Location";FALSE
194;"107";NA;271;"104";NA;292.36136115843;"No specified Location";FALSE
648;"102";NA;276;"107";NA;7.6768864869955;"No specified Location";FALSE
349;"104";NA;276;"107";NA;6.13245345215546;"No specified Location";FALSE
194;"107";NA;276;"107";NA;19268.4844304728;"No specified Location";TRUE
582;"102";NA;278;"107";NA;383.752521024784;"No specified Location";FALSE
585;"102";NA;278;"107";NA;64.9163463234499;"No specified Location";FALSE
583;"107";NA;278;"107";NA;2743.94170063967;"No specified Location";TRUE
582;"102";NA;294;"107";NA;2.01381902703724;"No specified Location";FALSE
583;"107";NA;294;"107";NA;8.30399617808871;"No specified Location";TRUE
775;"105";NA;294;"107";NA;41.2908900091425;"No specified Location";FALSE
770;"107";NA;294;"107";NA;2787.51622876385;"No specified Location";TRUE
776;"105";NA;294;"107";NA;21.0664731214274;"No specified Location";FALSE
761;"105";NA;294;"107";NA;15.7803980973476;"No specified Location";FALSE
585;"102";NA;296;"105";NA;0.41768281946861;"No specified Location";FALSE
766;"6";0.588184586148547;296;"105";NA;1.74750696483534;"No specified Location";FALSE
775;"105";NA;296;"105";NA;19.1897557529155;"No specified Location";TRUE
779;"105";NA;296;"105";NA;297.021324502886;"No specified Location";TRUE
776;"105";NA;298;"105";NA;69.8236567499116;"No specified Location";TRUE
782;"2";0.514309522953129;298;"105";NA;48.8118487707688;"No specified Location";FALSE
648;"102";NA;298;"105";NA;15.1305132770212;"No specified Location";FALSE
444;"104";NA;317;"105";NA;1.08384060990647;"No specified Location";FALSE
848;"2";0.32348453572655;317;"105";NA;6.60493556025904;"No specified Location";FALSE
444;"104";NA;318;"105";NA;1.11180306619826;"No specified Location";FALSE
537;"104";NA;318;"105";NA;3.04572149779415;"No specified Location";FALSE
856;"105";NA;318;"105";NA;17.5045140264901;"No specified Location";TRUE
848;"2";0.32348453572655;318;"105";NA;11.2924919673169;"No specified Location";FALSE
32;"104";NA;27;"104";NA;179008.683695695;"No specified Location";TRUE
221;"102";NA;27;"104";NA;2987.84369035708;"No specified Location";FALSE
314;"105";NA;27;"104";NA;23.5586388754018;"No specified Location";FALSE
328;"101";NA;27;"104";NA;24.1783367509488;"No specified Location";FALSE
337;"104";NA;27;"104";NA;11.3682233967265;"No specified Location";TRUE
301;"101";NA;27;"104";NA;12.8024851825903;"No specified Location";FALSE
465;"9";1;224;"105";NA;16.906344222909;"No specified Location";FALSE
440;"9";0.666007687843215;224;"105";NA;77.3862920282991;"No specified Location";FALSE
489;"105";NA;224;"105";NA;4938.06902727508;"No specified Location";TRUE
518;"9";0.80577474521471;224;"105";NA;2.59494431182975;"No specified Location";FALSE
582;"102";NA;291;"105";NA;12.5959694667254;"No specified Location";FALSE
585;"102";NA;291;"105";NA;3.4618465959793;"No specified Location";FALSE
583;"107";NA;291;"105";NA;0.352715010296379;"No specified Location";FALSE
784;"3";0.439755416722961;291;"105";NA;15.1139891049243;"No specified Location";FALSE
834;"3";0.268302499094678;291;"105";NA;3.11688238632632;"No specified Location";FALSE
833;"105";NA;291;"105";NA;20.1276426315308;"No specified Location";TRUE
775;"105";NA;291;"105";NA;1474.03239960666;"No specified Location";TRUE
770;"107";NA;291;"105";NA;82.8929566756997;"No specified Location";FALSE
776;"105";NA;291;"105";NA;988.543993168772;"No specified Location";TRUE
782;"2";0.514309522953129;291;"105";NA;9.18244092242094;"No specified Location";FALSE
648;"102";NA;291;"105";NA;10.5063895040366;"No specified Location";FALSE
761;"105";NA;291;"105";NA;807.113486230606;"No specified Location";TRUE
543;"9";0.564072656142617;291;"105";NA;13.974767790176;"No specified Location";FALSE
349;"104";NA;291;"105";NA;4.13261393946595;"No specified Location";FALSE
194;"107";NA;291;"105";NA;2.08413641841616;"No specified Location";FALSE
543;"9";0.564072656142617;248;"104";NA;18896.9999812623;"No specified Location";FALSE
594;"105";NA;248;"104";NA;1504.48499999335;"No specified Location";FALSE
537;"104";NA;319;"105";NA;0.786773504813027;"No specified Location";FALSE
453;"9";1;319;"105";NA;22.2163283730424;"No specified Location";FALSE
857;"105";NA;319;"105";NA;80.5601735080418;"No specified Location";TRUE
856;"105";NA;319;"105";NA;5.88664414167579;"No specified Location";TRUE
804;"2";0.870572729387367;312;"105";NA;0.00036728969826072;"No specified Location";FALSE
791;"3";0.0385306775516107;312;"105";NA;42.8175608481947;"No specified Location";FALSE
648;"102";NA;312;"105";NA;388.888466294855;"No specified Location";FALSE
759;"6";0.724080160697966;312;"105";NA;9.03131391269562;"No specified Location";FALSE
194;"107";NA;312;"105";NA;55.5833103018813;"No specified Location";FALSE
749;"102";NA;275;"104";NA;2115.82099836553;"No specified Location";FALSE
693;"102";NA;275;"104";NA;6491.92656100984;"No specified Location";FALSE
727;"102";NA;275;"104";NA;2979.95499999542;"No specified Location";FALSE
662;"9";1;275;"104";NA;275.347457856522;"No specified Location";FALSE
718;"105";NA;275;"104";NA;283.716368449386;"No specified Location";FALSE
723;"102";NA;275;"104";NA;4058.57975056209;"No specified Location";FALSE
745;"105";NA;275;"104";NA;138.228659273824;"No specified Location";FALSE
317;"102";NA;137;"105";NA;8081.00486715464;"No specified Location";FALSE
441;"9";1;137;"105";NA;16.5783050400146;"No specified Location";FALSE
453;"9";1;137;"105";NA;8.42889323481359;"No specified Location";FALSE
425;"102";NA;212;"104";NA;33536.2468241472;"No specified Location";FALSE
344;"104";NA;212;"104";NA;2.67595580522902;"No specified Location";TRUE
402;"105";NA;212;"104";NA;25.1992686931626;"No specified Location";FALSE
413;"105";NA;212;"104";NA;75.6114039965905;"No specified Location";FALSE
430;"105";NA;212;"104";NA;8.95563684080844;"No specified Location";FALSE
518;"9";0.80577474521471;212;"104";NA;72.384333459835;"No specified Location";FALSE
541;"8";NA;212;"104";NA;7.67998447925811;"No specified Location";FALSE
548;"8";NA;212;"104";NA;28.2298310385086;"No specified Location";FALSE
334;"101";NA;145;"104";NA;2574.85496071982;"No specified Location";FALSE
335;"105";NA;145;"104";NA;5.94630358658105;"No specified Location";FALSE
345;"105";NA;145;"104";NA;2.15702200020314;"No specified Location";FALSE
340;"104";NA;145;"104";NA;525.080495556947;"No specified Location";TRUE
348;"6";0.606915425271926;145;"104";NA;516.324999998324;"No specified Location";FALSE
316;"101";NA;145;"104";NA;60.1376873778354;"No specified Location";FALSE
337;"104";NA;145;"104";NA;53.2092635166591;"No specified Location";TRUE
324;"105";NA;145;"104";NA;0.535395273836912;"No specified Location";FALSE
286;"102";NA;145;"104";NA;2558.15988184427;"No specified Location";FALSE
335;"105";NA;154;"9";1;26.5730122360401;"No specified Location";FALSE
316;"101";NA;154;"9";1;31.499717513565;"No specified Location";FALSE
328;"101";NA;154;"9";1;196.237287274271;"No specified Location";FALSE
337;"104";NA;154;"9";1;2141.58136395121;"No specified Location";FALSE
394;"9";1;193;"9";0.898824426123212;21.0697385626845;"No specified Location";TRUE
397;"9";1;193;"9";0.898824426123212;9245.24174527265;"No specified Location";TRUE
409;"101";NA;193;"9";0.898824426123212;1103.35104334814;"No specified Location";FALSE
286;"102";NA;193;"9";0.898824426123212;7.31919554434717;"No specified Location";FALSE
454;"9";0.4337390374285;193;"9";0.898824426123212;144.143765675835;"No specified Location";TRUE
421;"101";NA;193;"9";0.898824426123212;3.56784359645098;"No specified Location";FALSE
396;"9";1;194;"9";0.249905164576513;16.5824842297006;"No specified Location";TRUE
394;"9";1;194;"9";0.249905164576513;12705.6721882962;"No specified Location";TRUE
397;"9";1;194;"9";0.249905164576513;21.9955265845638;"No specified Location";TRUE
337;"104";NA;194;"9";0.249905164576513;1.41028917318181;"No specified Location";FALSE
286;"102";NA;194;"9";0.249905164576513;0.186794218578143;"No specified Location";FALSE
454;"9";0.4337390374285;194;"9";0.249905164576513;191.069858580828;"No specified Location";TRUE
440;"9";0.666007687843215;194;"9";0.249905164576513;34227.7595251855;"No specified Location";TRUE
543;"9";0.564072656142617;194;"9";0.249905164576513;12.4014467527159;"No specified Location";TRUE
489;"105";NA;194;"9";0.249905164576513;61.1876999422275;"No specified Location";FALSE
472;"105";NA;196;"9";1;35.5143979126005;"No specified Location";FALSE
482;"101";NA;196;"9";1;4.72306906222366;"No specified Location";FALSE
470;"104";NA;196;"9";1;165.936443530605;"No specified Location";FALSE
486;"105";NA;196;"9";1;34.1065926777665;"No specified Location";FALSE
397;"9";1;196;"9";1;33.6119825978676;"No specified Location";TRUE
442;"101";NA;196;"9";1;32.7239854382351;"No specified Location";FALSE
439;"101";NA;196;"9";1;292.849596872926;"No specified Location";FALSE
409;"101";NA;196;"9";1;53.7928981729929;"No specified Location";FALSE
411;"105";NA;196;"9";1;151.534388707485;"No specified Location";FALSE
403;"105";NA;196;"9";1;290.899163670721;"No specified Location";FALSE
412;"107";NA;196;"9";1;119.937984966251;"No specified Location";FALSE
559;"101";NA;196;"9";1;52.0849398491555;"No specified Location";FALSE
553;"104";NA;196;"9";1;27.2218932115939;"No specified Location";FALSE
547;"107";NA;196;"9";1;29.3093870702141;"No specified Location";FALSE
539;"104";NA;196;"9";1;43.8592238207348;"No specified Location";FALSE
454;"9";0.4337390374285;196;"9";1;15572.9826835777;"No specified Location";TRUE
491;"101";NA;196;"9";1;5145.926945135;"No specified Location";FALSE
492;"101";NA;196;"9";1;1056.68486620777;"No specified Location";FALSE
496;"101";NA;196;"9";1;149.636455970816;"No specified Location";FALSE
421;"101";NA;196;"9";1;4259.0248017062;"No specified Location";FALSE
440;"9";0.666007687843215;196;"9";1;10.2692680758773;"No specified Location";TRUE
564;"105";NA;196;"9";1;282.209969554955;"No specified Location";FALSE
575;"105";NA;196;"9";1;55.3530958215706;"No specified Location";FALSE
580;"101";NA;196;"9";1;8.94759561314277;"No specified Location";FALSE
582;"102";NA;196;"9";1;1.4154374507998;"No specified Location";FALSE
583;"107";NA;196;"9";1;0.223385207929823;"No specified Location";FALSE
543;"9";0.564072656142617;196;"9";1;11.5170651237713;"No specified Location";TRUE
425;"102";NA;198;"9";0.605966222004417;132.387072961021;"No specified Location";FALSE
396;"9";1;198;"9";0.605966222004417;13538.6073035332;"No specified Location";TRUE
400;"105";NA;198;"9";0.605966222004417;1960.56589194096;"No specified Location";FALSE
405;"105";NA;198;"9";0.605966222004417;113.347556838766;"No specified Location";FALSE
402;"105";NA;198;"9";0.605966222004417;67.6085968038387;"No specified Location";FALSE
430;"105";NA;198;"9";0.605966222004417;8.66456384651246;"No specified Location";FALSE
465;"9";1;198;"9";0.605966222004417;13307.2813350074;"No specified Location";TRUE
394;"9";1;198;"9";0.605966222004417;8.65652258339833;"No specified Location";TRUE
440;"9";0.666007687843215;198;"9";0.605966222004417;35.62798912789;"No specified Location";TRUE
489;"105";NA;198;"9";0.605966222004417;42.8280403840472;"No specified Location";FALSE
518;"9";0.80577474521471;198;"9";0.605966222004417;102.038383575622;"No specified Location";TRUE
317;"102";NA;203;"9";1;1.26056871050969;"No specified Location";FALSE
497;"6";0.196115506076856;203;"9";1;38.8784488956444;"No specified Location";FALSE
441;"9";1;203;"9";1;5408.39280020579;"No specified Location";TRUE
500;"6";0.238084361499886;203;"9";1;58.1632273782743;"No specified Location";FALSE
562;"9";0.291669813158481;203;"9";1;121.773511658947;"No specified Location";TRUE
610;"105";NA;203;"9";1;608.779106120113;"No specified Location";FALSE
531;"9";0.567013665405127;203;"9";1;117.510640329681;"No specified Location";TRUE
444;"104";NA;203;"9";1;417.82579245638;"No specified Location";FALSE
537;"104";NA;203;"9";1;6593.07113086432;"No specified Location";FALSE
769;"105";NA;203;"9";1;891.062022366561;"No specified Location";FALSE
620;"8";NA;203;"9";1;228.452977048757;"No specified Location";FALSE
453;"9";1;203;"9";1;43303.6445895911;"No specified Location";TRUE
838;"3";0.06793028881648;203;"9";1;9.9304398833774;"No specified Location";FALSE
748;"6";0.213118522713949;203;"9";1;12.4515062821883;"No specified Location";FALSE
424;"9";1;206;"6";0.018994385710894;5967.60089894664;"No specified Location";FALSE
418;"101";NA;206;"6";0.018994385710894;2.75766459747683;"No specified Location";FALSE
483;"9";1;206;"6";0.018994385710894;10.2091732979752;"No specified Location";FALSE
444;"104";NA;206;"6";0.018994385710894;4.82218968156667;"No specified Location";FALSE
312;"8";NA;207;"9";1;1.3609546655789;"No specified Location";FALSE
424;"9";1;207;"9";1;70.478870143299;"No specified Location";TRUE
461;"105";NA;207;"9";1;791.612718428252;"No specified Location";FALSE
483;"9";1;207;"9";1;39.6500690435059;"No specified Location";TRUE
558;"8";NA;207;"9";1;6.73770144532318;"No specified Location";FALSE
444;"104";NA;207;"9";1;47167.4737764993;"No specified Location";FALSE
589;"8";NA;207;"9";1;116.750495543029;"No specified Location";FALSE
721;"105";NA;207;"9";1;7.91705550742336;"No specified Location";FALSE
740;"105";NA;207;"9";1;572.733319796389;"No specified Location";FALSE
777;"3";0.484218592160539;207;"9";1;48.1088153609307;"No specified Location";FALSE
477;"9";0.920165357842559;211;"9";0.994618067427207;3549.64559703181;"No specified Location";TRUE
500;"6";0.238084361499886;211;"9";0.994618067427207;10.3362787831575;"No specified Location";FALSE
562;"9";0.291669813158481;211;"9";0.994618067427207;15.9693131726235;"No specified Location";TRUE
592;"6";0.590610461121593;211;"9";0.994618067427207;0.898429719731212;"No specified Location";FALSE
531;"9";0.567013665405127;211;"9";0.994618067427207;3.50083907839144;"No specified Location";TRUE
620;"8";NA;211;"9";0.994618067427207;0.0832067449227907;"No specified Location";FALSE
638;"9";0.0978120980482985;211;"9";0.994618067427207;74.4710169322043;"No specified Location";TRUE
662;"9";1;211;"9";0.994618067427207;17.1252414123155;"No specified Location";TRUE
574;"9";0.81923609073883;211;"9";0.994618067427207;14680.0034266892;"No specified Location";TRUE
424;"9";1;220;"9";0.629538325087819;11.9726540641859;"No specified Location";TRUE
418;"101";NA;220;"9";0.629538325087819;158.801477563946;"No specified Location";FALSE
483;"9";1;220;"9";0.629538325087819;14362.0473983957;"No specified Location";TRUE
558;"8";NA;220;"9";0.629538325087819;17.6424328137655;"No specified Location";FALSE
444;"104";NA;220;"9";0.629538325087819;69.3601991382966;"No specified Location";FALSE
477;"9";0.920165357842559;223;"6";0.724019866306409;3.42099140305072;"No specified Location";FALSE
497;"6";0.196115506076856;223;"6";0.724019866306409;966.333602299448;"No specified Location";TRUE
499;"6";0.0782548445173729;223;"6";0.724019866306409;275.34512547357;"No specified Location";TRUE
441;"9";1;223;"6";0.724019866306409;11.7714761337265;"No specified Location";FALSE
500;"6";0.238084361499886;223;"6";0.724019866306409;10160.356290517;"No specified Location";TRUE
531;"9";0.567013665405127;223;"6";0.724019866306409;71.1708474673796;"No specified Location";FALSE
425;"102";NA;230;"6";0.46569971183266;28.2816056689117;"No specified Location";FALSE
465;"9";1;230;"6";0.46569971183266;3.94086801877711;"No specified Location";FALSE
440;"9";0.666007687843215;230;"6";0.46569971183266;46.9428847002564;"No specified Location";FALSE
543;"9";0.564072656142617;230;"6";0.46569971183266;12.0677553822752;"No specified Location";FALSE
544;"8";NA;230;"6";0.46569971183266;0.00136348964588251;"No specified Location";FALSE
489;"105";NA;230;"6";0.46569971183266;2.83807497020462;"No specified Location";FALSE
518;"9";0.80577474521471;230;"6";0.46569971183266;9931.47242272831;"No specified Location";FALSE
477;"9";0.920165357842559;233;"6";0.257162252934841;29.4800377196871;"No specified Location";FALSE
500;"6";0.238084361499886;233;"6";0.257162252934841;0.573064914788119;"No specified Location";TRUE
562;"9";0.291669813158481;233;"6";0.257162252934841;11170.0646318938;"No specified Location";FALSE
592;"6";0.590610461121593;233;"6";0.257162252934841;406.785443298984;"No specified Location";TRUE
531;"9";0.567013665405127;233;"6";0.257162252934841;10095.4538395191;"No specified Location";FALSE
693;"102";NA;233;"6";0.257162252934841;12.468292344478;"No specified Location";FALSE
620;"8";NA;233;"6";0.257162252934841;21802.2051573735;"No specified Location";FALSE
453;"9";1;233;"6";0.257162252934841;145.663660436287;"No specified Location";FALSE
574;"9";0.81923609073883;233;"6";0.257162252934841;42.4761985511359;"No specified Location";FALSE
748;"6";0.213118522713949;233;"6";0.257162252934841;36.7404920099798;"No specified Location";TRUE
425;"102";NA;241;"6";0.258123622736349;5.59544185944833;"No specified Location";FALSE
440;"9";0.666007687843215;241;"6";0.258123622736349;74.4558303705417;"No specified Location";FALSE
580;"101";NA;241;"6";0.258123622736349;125.932271452359;"No specified Location";FALSE
582;"102";NA;241;"6";0.258123622736349;19.2693654180039;"No specified Location";FALSE
730;"105";NA;241;"6";0.258123622736349;170.750757690927;"No specified Location";FALSE
543;"9";0.564072656142617;241;"6";0.258123622736349;94980.5600705794;"No specified Location";FALSE
695;"6";0.665952915876931;241;"6";0.258123622736349;34.4899664848635;"No specified Location";TRUE
674;"6";1;241;"6";0.258123622736349;25.4441669962252;"No specified Location";TRUE
544;"8";NA;241;"6";0.258123622736349;15780.9771644264;"No specified Location";FALSE
518;"9";0.80577474521471;241;"6";0.258123622736349;69.5175753675376;"No specified Location";FALSE
541;"8";NA;241;"6";0.258123622736349;274.630914294103;"No specified Location";FALSE
418;"101";NA;253;"6";0.0606276060554452;0.366185192688135;"No specified Location";FALSE
558;"8";NA;253;"6";0.0606276060554452;2.3782594522927;"No specified Location";FALSE
444;"104";NA;253;"6";0.0606276060554452;76.0378035798567;"No specified Location";FALSE
589;"8";NA;253;"6";0.0606276060554452;36416.2994215386;"No specified Location";FALSE
587;"101";NA;253;"6";0.0606276060554452;291.573008880019;"No specified Location";FALSE
721;"105";NA;253;"6";0.0606276060554452;0.257513861841289;"No specified Location";FALSE
620;"8";NA;260;"6";0.722746863409091;50.1827649234328;"No specified Location";FALSE
638;"9";0.0978120980482985;260;"6";0.722746863409091;7422.60832357174;"No specified Location";FALSE
662;"9";1;260;"6";0.722746863409091;8.29042251386272;"No specified Location";FALSE
574;"9";0.81923609073883;260;"6";0.722746863409091;3.24454047996551;"No specified Location";FALSE
749;"102";NA;262;"9";1;919.094480962027;"No specified Location";FALSE
693;"102";NA;262;"9";1;5966.69326357916;"No specified Location";FALSE
620;"8";NA;262;"9";1;28.3749669723038;"No specified Location";FALSE
638;"9";0.0978120980482985;262;"9";1;68.4544391833547;"No specified Location";TRUE
662;"9";1;262;"9";1;2284.02607618982;"No specified Location";TRUE
574;"9";0.81923609073883;262;"9";1;0.0105502897495171;"No specified Location";TRUE
750;"6";0.865935720198607;262;"9";1;24.6452492508106;"No specified Location";FALSE
659;"105";NA;267;"6";0.629941844950683;40.7142816928681;"No specified Location";FALSE
652;"105";NA;267;"6";0.629941844950683;37.0052576449525;"No specified Location";FALSE
653;"6";0.242483851659319;267;"6";0.629941844950683;6556.64337421453;"No specified Location";TRUE
690;"105";NA;267;"6";0.629941844950683;332.21283293888;"No specified Location";FALSE
668;"6";0.301392971999253;267;"6";0.629941844950683;4637.12414781452;"No specified Location";TRUE
678;"105";NA;267;"6";0.629941844950683;160.378084092867;"No specified Location";FALSE
730;"105";NA;267;"6";0.629941844950683;110.197134466609;"No specified Location";FALSE
695;"6";0.665952915876931;267;"6";0.629941844950683;7043.25105125178;"No specified Location";TRUE
674;"6";1;267;"6";0.629941844950683;16.6750969461727;"No specified Location";TRUE
541;"8";NA;267;"6";0.629941844950683;40.4154393721838;"No specified Location";FALSE
548;"8";NA;267;"6";0.629941844950683;12.6023141395999;"No specified Location";FALSE
578;"8";NA;267;"6";0.629941844950683;2.46062193624675;"No specified Location";FALSE
690;"105";NA;272;"6";0.197460688003698;16.9551456538611;"No specified Location";FALSE
668;"6";0.301392971999253;272;"6";0.197460688003698;17.2507121693343;"No specified Location";TRUE
695;"6";0.665952915876931;272;"6";0.197460688003698;75.0219500530511;"No specified Location";TRUE
674;"6";1;272;"6";0.197460688003698;3980.61110798083;"No specified Location";TRUE
541;"8";NA;272;"6";0.197460688003698;11.4612361476757;"No specified Location";FALSE
589;"8";NA;277;"9";0.942603365174284;126.830809115898;"No specified Location";FALSE
587;"101";NA;277;"9";0.942603365174284;7.79551152116619;"No specified Location";FALSE
585;"102";NA;277;"9";0.942603365174284;12.7245024557924;"No specified Location";FALSE
721;"105";NA;277;"9";0.942603365174284;1630.98027055617;"No specified Location";FALSE
724;"9";0.76939248388338;277;"9";0.942603365174284;23401.4071311988;"No specified Location";TRUE
740;"105";NA;277;"9";0.942603365174284;1311.60072725825;"No specified Location";FALSE
777;"3";0.484218592160539;277;"9";0.942603365174284;15.243108982686;"No specified Location";FALSE
766;"6";0.588184586148547;277;"9";0.942603365174284;42.530159920454;"No specified Location";FALSE
620;"8";NA;284;"6";0.196967570202272;13.8499724762514;"No specified Location";FALSE
453;"9";1;284;"6";0.196967570202272;41.6033212777693;"No specified Location";FALSE
750;"6";0.865935720198607;284;"6";0.196967570202272;148.151175959196;"No specified Location";TRUE
808;"6";0.154323144578332;284;"6";0.196967570202272;12.231504450825;"No specified Location";TRUE
855;"6";0.231417520382137;284;"6";0.196967570202272;0.0507844693020161;"No specified Location";TRUE
838;"3";0.06793028881648;284;"6";0.196967570202272;32.0203056260943;"No specified Location";FALSE
748;"6";0.213118522713949;284;"6";0.196967570202272;11620.4788112709;"No specified Location";TRUE
749;"102";NA;285;"6";0.819238125740683;73.9661882396322;"No specified Location";FALSE
693;"102";NA;285;"6";0.819238125740683;1.50907240482047;"No specified Location";FALSE
620;"8";NA;285;"6";0.819238125740683;3.84438471088652;"No specified Location";FALSE
750;"6";0.865935720198607;285;"6";0.819238125740683;28523.4574591676;"No specified Location";TRUE
808;"6";0.154323144578332;285;"6";0.819238125740683;74.4802799470126;"No specified Location";TRUE
778;"6";0.679941193855847;285;"6";0.819238125740683;153.899702630355;"No specified Location";TRUE
748;"6";0.213118522713949;285;"6";0.819238125740683;2.52708714798791;"No specified Location";TRUE
750;"6";0.865935720198607;290;"6";0.786257510733075;9.65027521381853;"No specified Location";TRUE
778;"6";0.679941193855847;290;"6";0.786257510733075;8522.59180198982;"No specified Location";TRUE
789;"2";0.770969802528575;292;"2";0.0874836010951696;27.9540773554472;"No specified Location";TRUE
774;"3";0.103621330209316;292;"2";0.0874836010951696;15.5425526187464;"No specified Location";FALSE
760;"3";0.0804379293873165;292;"2";0.0874836010951696;6853.54029371403;"No specified Location";FALSE
781;"3";0.614266038483175;292;"2";0.0874836010951696;56.9483526573968;"No specified Location";FALSE
793;"3";0.357225286031896;292;"2";0.0874836010951696;1028.01591303654;"No specified Location";FALSE
815;"2";0.661943608313663;292;"2";0.0874836010951696;1.55030673841247;"No specified Location";TRUE
648;"102";NA;292;"2";0.0874836010951696;65.138764668256;"No specified Location";FALSE
759;"6";0.724080160697966;292;"2";0.0874836010951696;20.383351116674;"No specified Location";FALSE
585;"102";NA;293;"2";0.69980631921934;22.4769189367071;"No specified Location";FALSE
724;"9";0.76939248388338;293;"2";0.69980631921934;34.4299473376886;"No specified Location";FALSE
795;"3";0.112250552401753;293;"2";0.69980631921934;2.595648471608;"No specified Location";FALSE
777;"3";0.484218592160539;293;"2";0.69980631921934;45.9425063391682;"No specified Location";FALSE
766;"6";0.588184586148547;293;"2";0.69980631921934;5843.01324642263;"No specified Location";FALSE
784;"3";0.439755416722961;293;"2";0.69980631921934;5.62311712853261;"No specified Location";FALSE
779;"105";NA;293;"2";0.69980631921934;13.7913423608989;"No specified Location";FALSE
724;"9";0.76939248388338;295;"2";0.50956550334667;50.0735570113175;"No specified Location";FALSE
777;"3";0.484218592160539;295;"2";0.50956550334667;7303.74533751234;"No specified Location";FALSE
789;"2";0.770969802528575;297;"2";0.973734660924762;2159.95522864349;"No specified Location";TRUE
774;"3";0.103621330209316;297;"2";0.973734660924762;4046.19614723377;"No specified Location";FALSE
648;"102";NA;297;"2";0.973734660924762;67.6132196476683;"No specified Location";FALSE
795;"3";0.112250552401753;302;"2";0.640583850022921;6.7371230427234;"No specified Location";FALSE
766;"6";0.588184586148547;302;"2";0.640583850022921;22.1202990929596;"No specified Location";FALSE
784;"3";0.439755416722961;302;"2";0.640583850022921;6465.33784891013;"No specified Location";FALSE
844;"3";0.487496805806359;302;"2";0.640583850022921;1.49092460419047;"No specified Location";FALSE
834;"3";0.268302499094678;302;"2";0.640583850022921;15.0253921952099;"No specified Location";FALSE
841;"2";0.551379264729076;302;"2";0.640583850022921;40.898818351503;"No specified Location";TRUE
775;"105";NA;302;"2";0.640583850022921;20.7920011049137;"No specified Location";FALSE
779;"105";NA;302;"2";0.640583850022921;37.4795709564351;"No specified Location";FALSE
776;"105";NA;303;"2";0.47658078622398;7.72771296417341;"No specified Location";FALSE
782;"2";0.514309522953129;303;"2";0.47658078622398;1628.72474455996;"No specified Location";TRUE
774;"3";0.103621330209316;303;"2";0.47658078622398;45.636523548048;"No specified Location";FALSE
648;"102";NA;303;"2";0.47658078622398;7.23902807128616;"No specified Location";FALSE
760;"3";0.0804379293873165;304;"2";0.272522341857065;11.5319645527343;"No specified Location";FALSE
781;"3";0.614266038483175;304;"2";0.272522341857065;2315.11891083606;"No specified Location";FALSE
793;"3";0.357225286031896;304;"2";0.272522341857065;0.396618513826979;"No specified Location";FALSE
815;"2";0.661943608313663;304;"2";0.272522341857065;0.41643619153183;"No specified Location";TRUE
791;"3";0.0385306775516107;304;"2";0.272522341857065;7.18268446967704;"No specified Location";FALSE
759;"6";0.724080160697966;304;"2";0.272522341857065;15.8797494281171;"No specified Location";FALSE
750;"6";0.865935720198607;305;"6";0.241879873675539;0.0575888496532571;"No specified Location";TRUE
808;"6";0.154323144578332;305;"6";0.241879873675539;2506.39323799592;"No specified Location";TRUE
855;"6";0.231417520382137;305;"6";0.241879873675539;16.5790743408725;"No specified Location";TRUE
795;"3";0.112250552401753;306;"2";0.977652034419948;5298.66495006112;"No specified Location";FALSE
777;"3";0.484218592160539;306;"2";0.977652034419948;110.065738738514;"No specified Location";FALSE
766;"6";0.588184586148547;306;"2";0.977652034419948;4.26280817230145;"No specified Location";FALSE
784;"3";0.439755416722961;306;"2";0.977652034419948;15.0248685285915;"No specified Location";FALSE
781;"3";0.614266038483175;307;"2";0.790490657612173;31.5016243206337;"No specified Location";FALSE
815;"2";0.661943608313663;307;"2";0.790490657612173;320.801008756272;"No specified Location";TRUE
804;"2";0.870572729387367;307;"2";0.790490657612173;503.57533377246;"No specified Location";TRUE
791;"3";0.0385306775516107;307;"2";0.790490657612173;880.548535909038;"No specified Location";FALSE
759;"6";0.724080160697966;307;"2";0.790490657612173;1.44755760022963;"No specified Location";FALSE
855;"6";0.231417520382137;309;"2";0.566029849888955;2.93636279529892;"No specified Location";FALSE
838;"3";0.06793028881648;309;"2";0.566029849888955;1518.10197396018;"No specified Location";FALSE
748;"6";0.213118522713949;309;"2";0.566029849888955;9.9508924568072;"No specified Location";FALSE
444;"104";NA;311;"5";0.247161096850861;77.787183291468;"No specified Location";FALSE
832;"105";NA;311;"5";0.247161096850861;790.928999911994;"No specified Location";FALSE
848;"2";0.32348453572655;311;"5";0.247161096850861;1.91538572534046;"No specified Location";FALSE
850;"2";0.572496835848959;311;"5";0.247161096850861;157.229409628548;"No specified Location";FALSE
795;"3";0.112250552401753;311;"5";0.247161096850861;25.4200519472361;"No specified Location";FALSE
777;"3";0.484218592160539;311;"5";0.247161096850861;0.865248769172467;"No specified Location";FALSE
808;"6";0.154323144578332;313;"6";0.517300086049073;16.4208301343024;"No specified Location";TRUE
855;"6";0.231417520382137;313;"6";0.517300086049073;454.143962945731;"No specified Location";TRUE
444;"104";NA;314;"2";0.434725045652968;27.7800081715686;"No specified Location";FALSE
832;"105";NA;314;"2";0.434725045652968;0.392875398567412;"No specified Location";FALSE
848;"2";0.32348453572655;314;"2";0.434725045652968;267.981432821252;"No specified Location";TRUE
784;"3";0.439755416722961;316;"2";0.780840215585239;55.708177561406;"No specified Location";FALSE
834;"3";0.268302499094678;316;"2";0.780840215585239;173.474041785114;"No specified Location";FALSE
841;"2";0.551379264729076;316;"2";0.780840215585239;0.586818697949639;"No specified Location";TRUE
841;"2";0.551379264729076;320;"2";0.974168440201033;3.62451165122911;"No specified Location";TRUE
774;"3";0.103621330209316;124;"8";NA;32.03340406809;"No specified Location";FALSE
760;"3";0.0804379293873165;124;"8";NA;16.8254422964528;"No specified Location";FALSE
791;"3";0.0385306775516107;124;"8";NA;20.433942551259;"No specified Location";FALSE
680;"8";NA;124;"8";NA;23157.41626686;"No specified Location";TRUE
689;"101";NA;124;"8";NA;343.33684411319;"No specified Location";FALSE
659;"105";NA;124;"8";NA;67.3649674610933;"No specified Location";FALSE
647;"105";NA;124;"8";NA;44.2543839854188;"No specified Location";FALSE
652;"105";NA;124;"8";NA;53.5844360284973;"No specified Location";FALSE
653;"6";0.242483851659319;124;"8";NA;17.4800230141263;"No specified Location";FALSE
743;"105";NA;124;"8";NA;774.049170264741;"No specified Location";FALSE
744;"8";0.940209137927258;124;"8";NA;3047.70116758253;"No specified Location";TRUE
648;"102";NA;124;"8";NA;8307.10260991558;"No specified Location";FALSE
751;"9";1;124;"8";NA;8044.85162153002;"No specified Location";FALSE
759;"6";0.724080160697966;124;"8";NA;4841.27878351486;"No specified Location";FALSE
678;"105";NA;124;"8";NA;3800.26849143161;"No specified Location";FALSE
730;"105";NA;124;"8";NA;2.99119467747505;"No specified Location";FALSE
761;"105";NA;124;"8";NA;7.15212680306286;"No specified Location";FALSE
543;"9";0.564072656142617;124;"8";NA;107.850643240206;"No specified Location";FALSE
578;"8";NA;124;"8";NA;1495.6993414039;"No specified Location";TRUE
349;"104";NA;124;"8";NA;4915.22615123726;"No specified Location";FALSE
194;"107";NA;124;"8";NA;1588.27586017485;"No specified Location";FALSE
307;"102";NA;135;"8";NA;286.66642598249;"No specified Location";FALSE
312;"8";NA;135;"8";NA;22529.123925317;"No specified Location";TRUE
361;"9";0.850520099826412;135;"8";NA;2887.02026711917;"No specified Location";FALSE
339;"102";NA;135;"8";NA;986.584044916439;"No specified Location";FALSE
424;"9";1;135;"8";NA;32.4063871363178;"No specified Location";FALSE
418;"101";NA;135;"8";NA;1.28602513414808;"No specified Location";FALSE
444;"104";NA;135;"8";NA;6.29493100438776;"No specified Location";FALSE
425;"102";NA;242;"8";NA;94.9746786523538;"No specified Location";FALSE
653;"6";0.242483851659319;242;"8";NA;18.404882801231;"No specified Location";FALSE
543;"9";0.564072656142617;242;"8";NA;86.106583639048;"No specified Location";FALSE
674;"6";1;242;"8";NA;39.0933252831455;"No specified Location";FALSE
541;"8";NA;242;"8";NA;74106.1651897458;"No specified Location";TRUE
548;"8";NA;242;"8";NA;55.8281658398919;"No specified Location";TRUE
647;"105";NA;246;"8";NA;25.0583303696912;"No specified Location";FALSE
652;"105";NA;246;"8";NA;41.639500655001;"No specified Location";FALSE
653;"6";0.242483851659319;246;"8";NA;6.02309554291423;"No specified Location";FALSE
541;"8";NA;246;"8";NA;17.774040607037;"No specified Location";TRUE
548;"8";NA;246;"8";NA;15245.1492067673;"No specified Location";TRUE
578;"8";NA;246;"8";NA;0.0292539934598608;"No specified Location";TRUE
60;"102";NA;39;"104";NA;1587.46013363068;"No specified Location";FALSE
32;"104";NA;39;"104";NA;86713.3078107227;"No specified Location";TRUE
221;"102";NA;39;"104";NA;0.0819156741927145;"No specified Location";FALSE
301;"101";NA;39;"104";NA;372.753023643774;"No specified Location";FALSE
60;"102";NA;45;"104";NA;79553.063740573;"No specified Location";FALSE
32;"104";NA;45;"104";NA;12840.6087085239;"No specified Location";TRUE
301;"101";NA;45;"104";NA;16.5189590165974;"No specified Location";FALSE
168;"104";NA;46;"104";NA;109.256665511522;"No specified Location";TRUE
397;"9";1;46;"104";NA;30.8799797422253;"No specified Location";FALSE
411;"105";NA;46;"104";NA;0.958469805344066;"No specified Location";FALSE
403;"105";NA;46;"104";NA;2.80918354977621;"No specified Location";FALSE
337;"104";NA;46;"104";NA;0.0339450522587867;"No specified Location";TRUE
260;"104";NA;46;"104";NA;0.0855025608325377;"No specified Location";TRUE
315;"104";NA;46;"104";NA;16.4079942048993;"No specified Location";TRUE
313;"105";NA;46;"104";NA;5.55923884699587;"No specified Location";FALSE
305;"101";NA;46;"104";NA;4.11954119894654;"No specified Location";FALSE
298;"105";NA;46;"104";NA;8.8384889853769;"No specified Location";FALSE
276;"101";NA;46;"104";NA;301.777883265167;"No specified Location";FALSE
299;"104";NA;46;"104";NA;76.5159657656041;"No specified Location";TRUE
290;"101";NA;46;"104";NA;186.066716962901;"No specified Location";FALSE
282;"105";NA;46;"104";NA;85.0603757416829;"No specified Location";FALSE
287;"107";NA;46;"104";NA;8.7395518925332;"No specified Location";FALSE
286;"102";NA;46;"104";NA;8082.06349018682;"No specified Location";FALSE
320;"102";NA;46;"104";NA;844.77028831502;"No specified Location";FALSE
323;"107";NA;46;"104";NA;198.96164572757;"No specified Location";FALSE
32;"104";NA;47;"104";NA;89035.9910494788;"No specified Location";TRUE
172;"107";NA;73;"104";NA;14.640743597527;"No specified Location";FALSE
110;"107";NA;73;"104";NA;0.250779319743742;"No specified Location";FALSE
60;"102";NA;73;"104";NA;3343.32393635338;"No specified Location";FALSE
105;"107";NA;73;"104";NA;20845.5324297561;"No specified Location";FALSE
209;"104";NA;73;"104";NA;26.7909586657915;"No specified Location";TRUE
110;"107";NA;74;"107";NA;53.2533310048748;"No specified Location";TRUE
105;"107";NA;74;"107";NA;353.340931777202;"No specified Location";TRUE
172;"107";NA;86;"107";NA;20.1634190117475;"No specified Location";TRUE
60;"102";NA;86;"107";NA;5.32599024474621;"No specified Location";FALSE
209;"104";NA;86;"107";NA;3.79653899965342;"No specified Location";FALSE
32;"104";NA;107;"102";NA;414.762595363016;"No specified Location";FALSE
268;"105";NA;107;"102";NA;3467.50368227717;"No specified Location";FALSE
227;"104";NA;107;"102";NA;16355.6122075645;"No specified Location";FALSE
277;"105";NA;107;"102";NA;3001.74377917493;"No specified Location";FALSE
279;"105";NA;107;"102";NA;1907.31588867772;"No specified Location";FALSE
221;"102";NA;107;"102";NA;22482.1713881828;"No specified Location";TRUE
338;"102";NA;107;"102";NA;83.7561739461526;"No specified Location";TRUE
344;"104";NA;107;"102";NA;37.9943486806005;"No specified Location";FALSE
314;"105";NA;107;"102";NA;1062.21360279992;"No specified Location";FALSE
337;"104";NA;107;"102";NA;159.723880278878;"No specified Location";FALSE
168;"104";NA;109;"101";NA;113.801795948879;"No specified Location";FALSE
60;"102";NA;109;"101";NA;17279.0368548008;"No specified Location";FALSE
32;"104";NA;109;"101";NA;188.803555625142;"No specified Location";FALSE
316;"101";NA;109;"101";NA;66.2746845232905;"No specified Location";TRUE
301;"101";NA;109;"101";NA;311.436752417008;"No specified Location";TRUE
321;"105";NA;109;"101";NA;15.7461328973322;"No specified Location";FALSE
291;"101";NA;109;"101";NA;76.1158522032201;"No specified Location";TRUE
260;"104";NA;109;"101";NA;449.378269048815;"No specified Location";FALSE
273;"105";NA;109;"101";NA;16.091997902724;"No specified Location";FALSE
276;"101";NA;109;"101";NA;200.805171821405;"No specified Location";TRUE
274;"104";NA;109;"101";NA;1.23273811276886;"No specified Location";FALSE
271;"105";NA;109;"101";NA;6.00627933104988;"No specified Location";FALSE
286;"102";NA;109;"101";NA;0.130991078360239;"No specified Location";FALSE
60;"102";NA;114;"104";NA;889.499172577402;"No specified Location";FALSE
260;"104";NA;114;"104";NA;3685.49524532235;"No specified Location";TRUE
263;"101";NA;114;"104";NA;23.9663244916592;"No specified Location";FALSE
273;"105";NA;114;"104";NA;126.379264529172;"No specified Location";FALSE
298;"105";NA;114;"104";NA;0.00238069401257235;"No specified Location";FALSE
276;"101";NA;114;"104";NA;0.2225584060252;"No specified Location";FALSE
286;"102";NA;114;"104";NA;74.8947541690432;"No specified Location";FALSE
168;"104";NA;118;"101";NA;77.4251442319946;"No specified Location";FALSE
276;"101";NA;118;"101";NA;314.889173365766;"No specified Location";TRUE
411;"105";NA;120;"107";NA;0.134802112355828;"No specified Location";FALSE
299;"104";NA;120;"107";NA;102.943354718853;"No specified Location";FALSE
287;"107";NA;120;"107";NA;939.703511932865;"No specified Location";TRUE
307;"102";NA;120;"107";NA;126.279780638561;"No specified Location";FALSE
286;"102";NA;120;"107";NA;0.00224353143130429;"No specified Location";FALSE
320;"102";NA;120;"107";NA;104.398929229006;"No specified Location";FALSE
323;"107";NA;120;"107";NA;4636.58482907386;"No specified Location";TRUE
339;"102";NA;120;"107";NA;2.65716958011035;"No specified Location";FALSE
412;"107";NA;120;"107";NA;3.92805202891032;"No specified Location";TRUE
60;"102";NA;130;"101";NA;42.1599814750334;"No specified Location";FALSE
316;"101";NA;130;"101";NA;47.8233585235575;"No specified Location";TRUE
324;"105";NA;130;"101";NA;2.34127123331564;"No specified Location";FALSE
291;"101";NA;130;"101";NA;1400.08063069877;"No specified Location";TRUE
260;"104";NA;130;"101";NA;2.68026471231133;"No specified Location";FALSE
286;"102";NA;130;"101";NA;1138.40687485589;"No specified Location";FALSE
307;"102";NA;131;"105";NA;157.71089558641;"No specified Location";FALSE
361;"9";0.850520099826412;131;"105";NA;194.496944691986;"No specified Location";FALSE
323;"107";NA;131;"105";NA;295.927031678613;"No specified Location";FALSE
339;"102";NA;131;"105";NA;1404.52102284506;"No specified Location";FALSE
412;"107";NA;131;"105";NA;0.243360982974991;"No specified Location";FALSE
417;"101";NA;131;"105";NA;0.8453752891146;"No specified Location";FALSE
418;"101";NA;131;"105";NA;0.316103473032854;"No specified Location";FALSE
317;"102";NA;136;"104";NA;195.447526616597;"No specified Location";FALSE
312;"8";NA;136;"104";NA;160.224336672574;"No specified Location";FALSE
334;"101";NA;139;"104";NA;15.9501388361095;"No specified Location";FALSE
337;"104";NA;139;"104";NA;10.9896787988837;"No specified Location";TRUE
291;"101";NA;139;"104";NA;45.9977826646063;"No specified Location";FALSE
286;"102";NA;139;"104";NA;25185.0035032023;"No specified Location";FALSE
32;"104";NA;143;"101";NA;64.4606475229375;"No specified Location";FALSE
316;"101";NA;143;"101";NA;0.77611218416132;"No specified Location";TRUE
301;"101";NA;143;"101";NA;305.098913297523;"No specified Location";TRUE
316;"101";NA;144;"101";NA;648.388290618081;"No specified Location";TRUE
321;"105";NA;144;"101";NA;6.79702938819537;"No specified Location";FALSE
335;"105";NA;147;"104";NA;304.867161901086;"No specified Location";FALSE
340;"104";NA;147;"104";NA;0.0133153371280059;"No specified Location";TRUE
316;"101";NA;147;"104";NA;483.775643377652;"No specified Location";FALSE
337;"104";NA;147;"104";NA;3.79591187904589;"No specified Location";TRUE
316;"101";NA;149;"101";NA;14.7045670631342;"No specified Location";TRUE
328;"101";NA;149;"101";NA;51.4922035939526;"No specified Location";TRUE
301;"101";NA;149;"101";NA;0.468948842433747;"No specified Location";TRUE
316;"101";NA;151;"101";NA;29.9103321770672;"No specified Location";TRUE
328;"101";NA;151;"101";NA;34.6227393276058;"No specified Location";TRUE
221;"102";NA;153;"104";NA;27.7044774889109;"No specified Location";FALSE
392;"105";NA;153;"104";NA;35.7899764946778;"No specified Location";FALSE
344;"104";NA;153;"104";NA;3.28394230414415;"No specified Location";TRUE
328;"101";NA;153;"104";NA;1928.83700631862;"No specified Location";FALSE
337;"104";NA;153;"104";NA;39112.4308276016;"No specified Location";TRUE
301;"101";NA;153;"104";NA;6.84624674904626;"No specified Location";FALSE
337;"104";NA;160;"105";NA;193.75303049013;"No specified Location";FALSE
227;"104";NA;161;"104";NA;27.5347243556753;"No specified Location";TRUE
221;"102";NA;161;"104";NA;30.2438244918594;"No specified Location";FALSE
425;"102";NA;161;"104";NA;4.17284766444936;"No specified Location";FALSE
338;"102";NA;161;"104";NA;14316.8013752536;"No specified Location";FALSE
392;"105";NA;161;"104";NA;66.5127879997017;"No specified Location";FALSE
344;"104";NA;161;"104";NA;3190.54687263397;"No specified Location";TRUE
402;"105";NA;161;"104";NA;121.537533495168;"No specified Location";FALSE
413;"105";NA;161;"104";NA;123.37996888347;"No specified Location";FALSE
337;"104";NA;161;"104";NA;1.53399659894058;"No specified Location";TRUE
338;"102";NA;166;"104";NA;36.186229793122;"No specified Location";FALSE
392;"105";NA;166;"104";NA;65.2761626871652;"No specified Location";FALSE
344;"104";NA;166;"104";NA;12812.2270435462;"No specified Location";TRUE
337;"104";NA;166;"104";NA;106.934562972165;"No specified Location";TRUE
317;"102";NA;174;"104";NA;293.421077000792;"No specified Location";FALSE
312;"8";NA;174;"104";NA;28.1655815513805;"No specified Location";FALSE
444;"104";NA;174;"104";NA;0.0794056715531042;"No specified Location";TRUE
453;"9";1;174;"104";NA;0.772880249893205;"No specified Location";FALSE
392;"105";NA;188;"105";NA;57.866253760003;"No specified Location";TRUE
396;"9";1;188;"105";NA;41.3794306655145;"No specified Location";FALSE
400;"105";NA;188;"105";NA;41.2504181977129;"No specified Location";TRUE
405;"105";NA;188;"105";NA;145.329891331261;"No specified Location";TRUE
402;"105";NA;188;"105";NA;91.1512624460738;"No specified Location";TRUE
394;"9";1;188;"105";NA;157.555027339964;"No specified Location";FALSE
337;"104";NA;188;"105";NA;1761.78880865918;"No specified Location";FALSE
286;"102";NA;188;"105";NA;7.64533163164742;"No specified Location";FALSE
442;"101";NA;200;"107";NA;121.716628015158;"No specified Location";FALSE
411;"105";NA;200;"107";NA;6.68898960179649;"No specified Location";FALSE
412;"107";NA;200;"107";NA;6297.30785964796;"No specified Location";TRUE
417;"101";NA;200;"107";NA;48.2849055519328;"No specified Location";FALSE
559;"101";NA;200;"107";NA;29.4138209933881;"No specified Location";FALSE
547;"107";NA;200;"107";NA;2.2462748317048;"No specified Location";TRUE
496;"101";NA;200;"107";NA;81.3228077249369;"No specified Location";FALSE
583;"107";NA;200;"107";NA;0.744324028026313;"No specified Location";TRUE
412;"107";NA;202;"105";NA;185.393815327552;"No specified Location";FALSE
417;"101";NA;202;"105";NA;1818.22425125819;"No specified Location";FALSE
418;"101";NA;202;"105";NA;294.194099433953;"No specified Location";FALSE
424;"9";1;205;"105";NA;49.3548955768347;"No specified Location";FALSE
417;"101";NA;205;"105";NA;90.6798501505982;"No specified Location";FALSE
418;"101";NA;205;"105";NA;4836.38154852111;"No specified Location";FALSE
483;"9";1;205;"105";NA;40.4860327641945;"No specified Location";FALSE
402;"105";NA;208;"105";NA;432.960625493492;"No specified Location";TRUE
444;"104";NA;209;"104";NA;808.330420991406;"No specified Location";TRUE
425;"102";NA;213;"105";NA;59.1636531781987;"No specified Location";FALSE
396;"9";1;213;"105";NA;9.44103375996929;"No specified Location";FALSE
400;"105";NA;213;"105";NA;8.42458051251015;"No specified Location";TRUE
402;"105";NA;213;"105";NA;50.304958516499;"No specified Location";TRUE
430;"105";NA;213;"105";NA;208.097880544025;"No specified Location";TRUE
425;"102";NA;217;"104";NA;2370.95040699677;"No specified Location";FALSE
444;"104";NA;234;"105";NA;4376.64366026712;"No specified Location";FALSE
537;"104";NA;234;"105";NA;146.329768842988;"No specified Location";FALSE
425;"102";NA;238;"104";NA;221.598381820135;"No specified Location";FALSE
444;"104";NA;240;"105";NA;71.9281347483629;"No specified Location";FALSE
537;"104";NA;240;"105";NA;2281.81085421483;"No specified Location";FALSE
418;"101";NA;243;"105";NA;64.4715866290499;"No specified Location";FALSE
483;"9";1;243;"105";NA;77.1970967988018;"No specified Location";FALSE
558;"8";NA;243;"105";NA;6073.91036246158;"No specified Location";FALSE
444;"104";NA;243;"105";NA;12.2730604271765;"No specified Location";FALSE
589;"8";NA;243;"105";NA;107.056195687968;"No specified Location";FALSE
444;"104";NA;245;"105";NA;2060.77309449343;"No specified Location";FALSE
580;"101";NA;249;"105";NA;5995.30904497765;"No specified Location";FALSE
582;"102";NA;249;"105";NA;2053.12380981687;"No specified Location";FALSE
583;"107";NA;249;"105";NA;59.9281381210312;"No specified Location";FALSE
761;"105";NA;249;"105";NA;0.102766431344207;"No specified Location";TRUE
543;"9";0.564072656142617;249;"105";NA;50.7266471425537;"No specified Location";FALSE
412;"107";NA;250;"107";NA;1.4453587308526;"No specified Location";TRUE
582;"102";NA;250;"107";NA;437.336665837676;"No specified Location";FALSE
585;"102";NA;250;"107";NA;61.6198163479567;"No specified Location";FALSE
583;"107";NA;250;"107";NA;5424.46075953636;"No specified Location";TRUE
412;"107";NA;251;"105";NA;0.159879092418123;"No specified Location";FALSE
417;"101";NA;251;"105";NA;1.97753820820071;"No specified Location";FALSE
418;"101";NA;251;"105";NA;0.0659556690879981;"No specified Location";FALSE
587;"101";NA;251;"105";NA;111.664739192074;"No specified Location";FALSE
585;"102";NA;251;"105";NA;3096.84192040446;"No specified Location";FALSE
583;"107";NA;251;"105";NA;236.782519054977;"No specified Location";FALSE
724;"9";0.76939248388338;251;"105";NA;1.00731107449974;"No specified Location";FALSE
766;"6";0.588184586148547;251;"105";NA;7.09938287572004;"No specified Location";FALSE
418;"101";NA;252;"105";NA;12.311261432711;"No specified Location";FALSE
589;"8";NA;252;"105";NA;61.3366907068412;"No specified Location";FALSE
587;"101";NA;252;"105";NA;6154.74556343583;"No specified Location";FALSE
585;"102";NA;252;"105";NA;88.9549557178834;"No specified Location";FALSE
721;"105";NA;252;"105";NA;5.26209709703107;"No specified Location";TRUE
724;"9";0.76939248388338;252;"105";NA;77.7360735447146;"No specified Location";FALSE
648;"102";NA;263;"107";NA;180.928967000276;"No specified Location";FALSE
349;"104";NA;263;"107";NA;0.194744879729114;"No specified Location";FALSE
194;"107";NA;263;"107";NA;4519.30182062485;"No specified Location";TRUE
680;"8";NA;271;"104";NA;104.625961274374;"No specified Location";FALSE
648;"102";NA;271;"104";NA;2073.36469026748;"No specified Location";FALSE
751;"9";1;271;"104";NA;4.82121625673608;"No specified Location";FALSE
759;"6";0.724080160697966;271;"104";NA;4.92967727640644;"No specified Location";FALSE
194;"107";NA;271;"104";NA;292.603131736862;"No specified Location";FALSE
648;"102";NA;276;"107";NA;7.68393977277447;"No specified Location";FALSE
349;"104";NA;276;"107";NA;6.13751058321213;"No specified Location";FALSE
194;"107";NA;276;"107";NA;19284.3981031845;"No specified Location";TRUE
582;"102";NA;278;"107";NA;384.068558258936;"No specified Location";FALSE
585;"102";NA;278;"107";NA;64.969844824449;"No specified Location";FALSE
583;"107";NA;278;"107";NA;2746.20235645864;"No specified Location";TRUE
582;"102";NA;294;"107";NA;2.01547923180624;"No specified Location";FALSE
583;"107";NA;294;"107";NA;8.31084325234406;"No specified Location";TRUE
775;"105";NA;294;"107";NA;41.3249508375302;"No specified Location";FALSE
770;"107";NA;294;"107";NA;2789.81533150282;"No specified Location";TRUE
776;"105";NA;294;"107";NA;21.0838503302385;"No specified Location";FALSE
761;"105";NA;294;"107";NA;15.7934089298797;"No specified Location";FALSE
585;"102";NA;296;"105";NA;0.418027148320107;"No specified Location";FALSE
766;"6";0.588184586148547;296;"105";NA;1.74894715938717;"No specified Location";FALSE
775;"105";NA;296;"105";NA;19.20557683683;"No specified Location";TRUE
779;"105";NA;296;"105";NA;297.26619585976;"No specified Location";TRUE
776;"105";NA;298;"105";NA;69.8812509961426;"No specified Location";TRUE
782;"2";0.514309522953129;298;"105";NA;48.8521158748772;"No specified Location";FALSE
648;"102";NA;298;"105";NA;15.1429946250282;"No specified Location";FALSE
444;"104";NA;317;"105";NA;1.08473259949824;"No specified Location";FALSE
848;"2";0.32348453572655;317;"105";NA;6.61037150281481;"No specified Location";FALSE
444;"104";NA;318;"105";NA;1.11271806893637;"No specified Location";FALSE
537;"104";NA;318;"105";NA;3.04822806839366;"No specified Location";FALSE
856;"105";NA;318;"105";NA;17.5189200803616;"No specified Location";TRUE
848;"2";0.32348453572655;318;"105";NA;11.3017857871773;"No specified Location";FALSE
32;"104";NA;27;"104";NA;179155.65929557;"No specified Location";TRUE
221;"102";NA;27;"104";NA;2990.29521063108;"No specified Location";FALSE
314;"105";NA;27;"104";NA;23.5779655925871;"No specified Location";FALSE
328;"101";NA;27;"104";NA;24.1980713748817;"No specified Location";FALSE
337;"104";NA;27;"104";NA;11.377556465115;"No specified Location";TRUE
301;"101";NA;27;"104";NA;12.8130422742106;"No specified Location";FALSE
465;"9";1;224;"105";NA;16.920237967799;"No specified Location";FALSE
440;"9";0.666007687843215;224;"105";NA;77.4499183938606;"No specified Location";FALSE
489;"105";NA;224;"105";NA;4942.12846117979;"No specified Location";TRUE
518;"9";0.80577474521471;224;"105";NA;2.59707842109492;"No specified Location";FALSE
582;"102";NA;291;"105";NA;12.60635337024;"No specified Location";FALSE
585;"102";NA;291;"105";NA;3.46470036031678;"No specified Location";FALSE
583;"107";NA;291;"105";NA;0.353005776498321;"No specified Location";FALSE
784;"3";0.439755416722961;291;"105";NA;15.1264575167152;"No specified Location";FALSE
834;"3";0.268302499094678;291;"105";NA;3.11945341352839;"No specified Location";FALSE
833;"105";NA;291;"105";NA;20.1442472380586;"No specified Location";TRUE
775;"105";NA;291;"105";NA;1475.24785436364;"No specified Location";TRUE
770;"107";NA;291;"105";NA;82.9613106721611;"No specified Location";FALSE
776;"105";NA;291;"105";NA;989.359441017441;"No specified Location";TRUE
782;"2";0.514309522953129;291;"105";NA;9.19001534908057;"No specified Location";FALSE
648;"102";NA;291;"105";NA;10.5150561115152;"No specified Location";FALSE
761;"105";NA;291;"105";NA;807.778994217515;"No specified Location";TRUE
543;"9";0.564072656142617;291;"105";NA;13.986289931956;"No specified Location";FALSE
349;"104";NA;291;"105";NA;4.13602083688602;"No specified Location";FALSE
194;"107";NA;291;"105";NA;2.0858551886995;"No specified Location";FALSE
543;"9";0.564072656142617;248;"104";NA;18912.5500512321;"No specified Location";FALSE
594;"105";NA;248;"104";NA;1505.72267279231;"No specified Location";FALSE
537;"104";NA;319;"105";NA;0.78742099115334;"No specified Location";FALSE
453;"9";1;319;"105";NA;22.2346098356829;"No specified Location";FALSE
857;"105";NA;319;"105";NA;80.6264679494197;"No specified Location";TRUE
856;"105";NA;319;"105";NA;5.89148876260879;"No specified Location";TRUE
804;"2";0.870572729387367;312;"105";NA;0.000367593114333431;"No specified Location";FALSE
791;"3";0.0385306775516107;312;"105";NA;42.8529511315796;"No specified Location";FALSE
648;"102";NA;312;"105";NA;389.209907694254;"No specified Location";FALSE
759;"6";0.724080160697966;312;"105";NA;9.03877863081289;"No specified Location";FALSE
194;"107";NA;312;"105";NA;55.6292005579453;"No specified Location";FALSE
749;"102";NA;275;"104";NA;2117.55644589942;"No specified Location";FALSE
693;"102";NA;275;"104";NA;6497.2537566293;"No specified Location";FALSE
727;"102";NA;275;"104";NA;2982.40051777102;"No specified Location";FALSE
662;"9";1;275;"104";NA;275.573225722881;"No specified Location";FALSE
718;"105";NA;275;"104";NA;283.949079789221;"No specified Location";FALSE
723;"102";NA;275;"104";NA;4061.90896680066;"No specified Location";FALSE
745;"105";NA;275;"104";NA;138.342100093141;"No specified Location";FALSE
317;"102";NA;137;"105";NA;8087.61461239867;"No specified Location";FALSE
441;"9";1;137;"105";NA;16.5918649841897;"No specified Location";FALSE
453;"9";1;137;"105";NA;8.43579070363194;"No specified Location";FALSE
425;"102";NA;212;"104";NA;33563.8753937366;"No specified Location";FALSE
344;"104";NA;212;"104";NA;2.67816018825397;"No specified Location";TRUE
402;"105";NA;212;"104";NA;25.2199890172342;"No specified Location";FALSE
413;"105";NA;212;"104";NA;75.6735825046489;"No specified Location";FALSE
430;"105";NA;212;"104";NA;8.9630010924302;"No specified Location";FALSE
518;"9";0.80577474521471;212;"104";NA;72.443991737091;"No specified Location";FALSE
541;"8";NA;212;"104";NA;7.68630968004618;"No specified Location";FALSE
548;"8";NA;212;"104";NA;28.253131098114;"No specified Location";FALSE
334;"101";NA;145;"104";NA;2576.96475748642;"No specified Location";FALSE
335;"105";NA;145;"104";NA;5.95117580974329;"No specified Location";FALSE
345;"105";NA;145;"104";NA;2.1587898331245;"No specified Location";FALSE
340;"104";NA;145;"104";NA;525.510747394961;"No specified Location";TRUE
348;"6";0.606915425271926;145;"104";NA;516.748113687616;"No specified Location";FALSE
316;"101";NA;145;"104";NA;60.1869580120256;"No specified Location";FALSE
337;"104";NA;145;"104";NA;53.2528514189617;"No specified Location";TRUE
324;"105";NA;145;"104";NA;0.535833921087033;"No specified Location";FALSE
286;"102";NA;145;"104";NA;2560.25552842513;"No specified Location";FALSE
335;"105";NA;154;"9";1;26.5730122360401;"No specified Location";FALSE
316;"101";NA;154;"9";1;31.499717513565;"No specified Location";FALSE
328;"101";NA;154;"9";1;196.237287274271;"No specified Location";FALSE
337;"104";NA;154;"9";1;2141.58136395121;"No specified Location";FALSE
394;"9";1;193;"9";0.898824426123212;21.0697385626845;"No specified Location";TRUE
397;"9";1;193;"9";0.898824426123212;9245.24174527265;"No specified Location";TRUE
409;"101";NA;193;"9";0.898824426123212;1103.35104334814;"No specified Location";FALSE
286;"102";NA;193;"9";0.898824426123212;7.31919554434717;"No specified Location";FALSE
454;"9";0.4337390374285;193;"9";0.898824426123212;144.143765675835;"No specified Location";TRUE
421;"101";NA;193;"9";0.898824426123212;3.56784359645098;"No specified Location";FALSE
396;"9";1;194;"9";0.249905164576513;16.5824842297006;"No specified Location";TRUE
394;"9";1;194;"9";0.249905164576513;12705.6721882962;"No specified Location";TRUE
397;"9";1;194;"9";0.249905164576513;21.9955265845638;"No specified Location";TRUE
337;"104";NA;194;"9";0.249905164576513;1.41028917318181;"No specified Location";FALSE
286;"102";NA;194;"9";0.249905164576513;0.186794218578143;"No specified Location";FALSE
454;"9";0.4337390374285;194;"9";0.249905164576513;191.069858580828;"No specified Location";TRUE
440;"9";0.666007687843215;194;"9";0.249905164576513;34227.7595251855;"No specified Location";TRUE
543;"9";0.564072656142617;194;"9";0.249905164576513;12.4014467527159;"No specified Location";TRUE
489;"105";NA;194;"9";0.249905164576513;61.1876999422275;"No specified Location";FALSE
472;"105";NA;196;"9";1;35.5143979126005;"No specified Location";FALSE
482;"101";NA;196;"9";1;4.72306906222366;"No specified Location";FALSE
470;"104";NA;196;"9";1;165.936443530605;"No specified Location";FALSE
486;"105";NA;196;"9";1;34.1065926777665;"No specified Location";FALSE
397;"9";1;196;"9";1;33.6119825978676;"No specified Location";TRUE
442;"101";NA;196;"9";1;32.7239854382351;"No specified Location";FALSE
439;"101";NA;196;"9";1;292.849596872926;"No specified Location";FALSE
409;"101";NA;196;"9";1;53.7928981729929;"No specified Location";FALSE
411;"105";NA;196;"9";1;151.534388707485;"No specified Location";FALSE
403;"105";NA;196;"9";1;290.899163670721;"No specified Location";FALSE
412;"107";NA;196;"9";1;119.937984966251;"No specified Location";FALSE
559;"101";NA;196;"9";1;52.0849398491555;"No specified Location";FALSE
553;"104";NA;196;"9";1;27.2218932115939;"No specified Location";FALSE
547;"107";NA;196;"9";1;29.3093870702141;"No specified Location";FALSE
539;"104";NA;196;"9";1;43.8592238207348;"No specified Location";FALSE
454;"9";0.4337390374285;196;"9";1;15572.9826835777;"No specified Location";TRUE
491;"101";NA;196;"9";1;5145.926945135;"No specified Location";FALSE
492;"101";NA;196;"9";1;1056.68486620777;"No specified Location";FALSE
496;"101";NA;196;"9";1;149.636455970816;"No specified Location";FALSE
421;"101";NA;196;"9";1;4259.0248017062;"No specified Location";FALSE
440;"9";0.666007687843215;196;"9";1;10.2692680758773;"No specified Location";TRUE
564;"105";NA;196;"9";1;282.209969554955;"No specified Location";FALSE
575;"105";NA;196;"9";1;55.3530958215706;"No specified Location";FALSE
580;"101";NA;196;"9";1;8.94759561314277;"No specified Location";FALSE
582;"102";NA;196;"9";1;1.4154374507998;"No specified Location";FALSE
583;"107";NA;196;"9";1;0.223385207929823;"No specified Location";FALSE
543;"9";0.564072656142617;196;"9";1;11.5170651237713;"No specified Location";TRUE
425;"102";NA;198;"9";0.605966222004417;132.387072961021;"No specified Location";FALSE
396;"9";1;198;"9";0.605966222004417;13538.6073035332;"No specified Location";TRUE
400;"105";NA;198;"9";0.605966222004417;1960.56589194096;"No specified Location";FALSE
405;"105";NA;198;"9";0.605966222004417;113.347556838766;"No specified Location";FALSE
402;"105";NA;198;"9";0.605966222004417;67.6085968038387;"No specified Location";FALSE
430;"105";NA;198;"9";0.605966222004417;8.66456384651246;"No specified Location";FALSE
465;"9";1;198;"9";0.605966222004417;13307.2813350074;"No specified Location";TRUE
394;"9";1;198;"9";0.605966222004417;8.65652258339833;"No specified Location";TRUE
440;"9";0.666007687843215;198;"9";0.605966222004417;35.62798912789;"No specified Location";TRUE
489;"105";NA;198;"9";0.605966222004417;42.8280403840472;"No specified Location";FALSE
518;"9";0.80577474521471;198;"9";0.605966222004417;102.038383575622;"No specified Location";TRUE
317;"102";NA;203;"9";1;1.26056871050969;"No specified Location";FALSE
497;"6";0.196115506076856;203;"9";1;38.8784488956444;"No specified Location";FALSE
441;"9";1;203;"9";1;5408.39280020579;"No specified Location";TRUE
500;"6";0.238084361499886;203;"9";1;58.1632273782743;"No specified Location";FALSE
562;"9";0.291669813158481;203;"9";1;121.773511658947;"No specified Location";TRUE
610;"105";NA;203;"9";1;608.779106120113;"No specified Location";FALSE
531;"9";0.567013665405127;203;"9";1;117.510640329681;"No specified Location";TRUE
444;"104";NA;203;"9";1;417.82579245638;"No specified Location";FALSE
537;"104";NA;203;"9";1;6593.07113086432;"No specified Location";FALSE
769;"105";NA;203;"9";1;891.062022366561;"No specified Location";FALSE
620;"8";NA;203;"9";1;228.452977048757;"No specified Location";FALSE
453;"9";1;203;"9";1;43303.6445895911;"No specified Location";TRUE
838;"3";0.06793028881648;203;"9";1;9.9304398833774;"No specified Location";FALSE
748;"6";0.213118522713949;203;"9";1;12.4515062821883;"No specified Location";FALSE
424;"9";1;206;"6";0.018994385710894;5967.60089894664;"No specified Location";FALSE
418;"101";NA;206;"6";0.018994385710894;2.75766459747683;"No specified Location";FALSE
483;"9";1;206;"6";0.018994385710894;10.2091732979752;"No specified Location";FALSE
444;"104";NA;206;"6";0.018994385710894;4.82218968156667;"No specified Location";FALSE
312;"8";NA;207;"9";1;1.3609546655789;"No specified Location";FALSE
424;"9";1;207;"9";1;70.478870143299;"No specified Location";TRUE
461;"105";NA;207;"9";1;791.612718428252;"No specified Location";FALSE
483;"9";1;207;"9";1;39.6500690435059;"No specified Location";TRUE
558;"8";NA;207;"9";1;6.73770144532318;"No specified Location";FALSE
444;"104";NA;207;"9";1;47167.4737764993;"No specified Location";FALSE
589;"8";NA;207;"9";1;116.750495543029;"No specified Location";FALSE
721;"105";NA;207;"9";1;7.91705550742336;"No specified Location";FALSE
740;"105";NA;207;"9";1;572.733319796389;"No specified Location";FALSE
777;"3";0.484218592160539;207;"9";1;48.1088153609307;"No specified Location";FALSE
477;"9";0.920165357842559;211;"9";0.994618067427207;3549.64559703181;"No specified Location";TRUE
500;"6";0.238084361499886;211;"9";0.994618067427207;10.3362787831575;"No specified Location";FALSE
562;"9";0.291669813158481;211;"9";0.994618067427207;15.9693131726235;"No specified Location";TRUE
592;"6";0.590610461121593;211;"9";0.994618067427207;0.898429719731212;"No specified Location";FALSE
531;"9";0.567013665405127;211;"9";0.994618067427207;3.50083907839144;"No specified Location";TRUE
620;"8";NA;211;"9";0.994618067427207;0.0832067449227907;"No specified Location";FALSE
638;"9";0.0978120980482985;211;"9";0.994618067427207;74.4710169322043;"No specified Location";TRUE
662;"9";1;211;"9";0.994618067427207;17.1252414123155;"No specified Location";TRUE
574;"9";0.81923609073883;211;"9";0.994618067427207;14680.0034266892;"No specified Location";TRUE
424;"9";1;220;"9";0.629538325087819;11.9726540641859;"No specified Location";TRUE
418;"101";NA;220;"9";0.629538325087819;158.801477563946;"No specified Location";FALSE
483;"9";1;220;"9";0.629538325087819;14362.0473983957;"No specified Location";TRUE
558;"8";NA;220;"9";0.629538325087819;17.6424328137655;"No specified Location";FALSE
444;"104";NA;220;"9";0.629538325087819;69.3601991382966;"No specified Location";FALSE
477;"9";0.920165357842559;223;"6";0.724019866306409;3.42099140305072;"No specified Location";FALSE
497;"6";0.196115506076856;223;"6";0.724019866306409;966.333602299448;"No specified Location";TRUE
499;"6";0.0782548445173729;223;"6";0.724019866306409;275.34512547357;"No specified Location";TRUE
441;"9";1;223;"6";0.724019866306409;11.7714761337265;"No specified Location";FALSE
500;"6";0.238084361499886;223;"6";0.724019866306409;10160.356290517;"No specified Location";TRUE
531;"9";0.567013665405127;223;"6";0.724019866306409;71.1708474673796;"No specified Location";FALSE
425;"102";NA;230;"6";0.46569971183266;28.2816056689117;"No specified Location";FALSE
465;"9";1;230;"6";0.46569971183266;3.94086801877711;"No specified Location";FALSE
440;"9";0.666007687843215;230;"6";0.46569971183266;46.9428847002564;"No specified Location";FALSE
543;"9";0.564072656142617;230;"6";0.46569971183266;12.0677553822752;"No specified Location";FALSE
544;"8";NA;230;"6";0.46569971183266;0.00136348964588251;"No specified Location";FALSE
489;"105";NA;230;"6";0.46569971183266;2.83807497020462;"No specified Location";FALSE
518;"9";0.80577474521471;230;"6";0.46569971183266;9931.47242272831;"No specified Location";FALSE
477;"9";0.920165357842559;233;"6";0.257162252934841;29.4800377196871;"No specified Location";FALSE
500;"6";0.238084361499886;233;"6";0.257162252934841;0.573064914788119;"No specified Location";TRUE
562;"9";0.291669813158481;233;"6";0.257162252934841;11170.0646318938;"No specified Location";FALSE
592;"6";0.590610461121593;233;"6";0.257162252934841;406.785443298984;"No specified Location";TRUE
531;"9";0.567013665405127;233;"6";0.257162252934841;10095.4538395191;"No specified Location";FALSE
693;"102";NA;233;"6";0.257162252934841;12.468292344478;"No specified Location";FALSE
620;"8";NA;233;"6";0.257162252934841;21802.2051573735;"No specified Location";FALSE
453;"9";1;233;"6";0.257162252934841;145.663660436287;"No specified Location";FALSE
574;"9";0.81923609073883;233;"6";0.257162252934841;42.4761985511359;"No specified Location";FALSE
748;"6";0.213118522713949;233;"6";0.257162252934841;36.7404920099798;"No specified Location";TRUE
425;"102";NA;241;"6";0.258123622736349;5.59544185944833;"No specified Location";FALSE
440;"9";0.666007687843215;241;"6";0.258123622736349;74.4558303705417;"No specified Location";FALSE
580;"101";NA;241;"6";0.258123622736349;125.932271452359;"No specified Location";FALSE
582;"102";NA;241;"6";0.258123622736349;19.2693654180039;"No specified Location";FALSE
730;"105";NA;241;"6";0.258123622736349;170.750757690927;"No specified Location";FALSE
543;"9";0.564072656142617;241;"6";0.258123622736349;94980.5600705794;"No specified Location";FALSE
695;"6";0.665952915876931;241;"6";0.258123622736349;34.4899664848635;"No specified Location";TRUE
674;"6";1;241;"6";0.258123622736349;25.4441669962252;"No specified Location";TRUE
544;"8";NA;241;"6";0.258123622736349;15780.9771644264;"No specified Location";FALSE
518;"9";0.80577474521471;241;"6";0.258123622736349;69.5175753675376;"No specified Location";FALSE
541;"8";NA;241;"6";0.258123622736349;274.630914294103;"No specified Location";FALSE
418;"101";NA;253;"6";0.0606276060554452;0.366185192688135;"No specified Location";FALSE
558;"8";NA;253;"6";0.0606276060554452;2.3782594522927;"No specified Location";FALSE
444;"104";NA;253;"6";0.0606276060554452;76.0378035798567;"No specified Location";FALSE
589;"8";NA;253;"6";0.0606276060554452;36416.2994215386;"No specified Location";FALSE
587;"101";NA;253;"6";0.0606276060554452;291.573008880019;"No specified Location";FALSE
721;"105";NA;253;"6";0.0606276060554452;0.257513861841289;"No specified Location";FALSE
620;"8";NA;260;"6";0.722746863409091;50.1827649234328;"No specified Location";FALSE
638;"9";0.0978120980482985;260;"6";0.722746863409091;7422.60832357174;"No specified Location";FALSE
662;"9";1;260;"6";0.722746863409091;8.29042251386272;"No specified Location";FALSE
574;"9";0.81923609073883;260;"6";0.722746863409091;3.24454047996551;"No specified Location";FALSE
749;"102";NA;262;"9";1;919.094480962027;"No specified Location";FALSE
693;"102";NA;262;"9";1;5966.69326357916;"No specified Location";FALSE
620;"8";NA;262;"9";1;28.3749669723038;"No specified Location";FALSE
638;"9";0.0978120980482985;262;"9";1;68.4544391833547;"No specified Location";TRUE
662;"9";1;262;"9";1;2284.02607618982;"No specified Location";TRUE
574;"9";0.81923609073883;262;"9";1;0.0105502897495171;"No specified Location";TRUE
750;"6";0.865935720198607;262;"9";1;24.6452492508106;"No specified Location";FALSE
659;"105";NA;267;"6";0.629941844950683;40.7142816928681;"No specified Location";FALSE
652;"105";NA;267;"6";0.629941844950683;37.0052576449525;"No specified Location";FALSE
653;"6";0.242483851659319;267;"6";0.629941844950683;6556.64337421453;"No specified Location";TRUE
690;"105";NA;267;"6";0.629941844950683;332.21283293888;"No specified Location";FALSE
668;"6";0.301392971999253;267;"6";0.629941844950683;4637.12414781452;"No specified Location";TRUE
678;"105";NA;267;"6";0.629941844950683;160.378084092867;"No specified Location";FALSE
730;"105";NA;267;"6";0.629941844950683;110.197134466609;"No specified Location";FALSE
695;"6";0.665952915876931;267;"6";0.629941844950683;7043.25105125178;"No specified Location";TRUE
674;"6";1;267;"6";0.629941844950683;16.6750969461727;"No specified Location";TRUE
541;"8";NA;267;"6";0.629941844950683;40.4154393721838;"No specified Location";FALSE
548;"8";NA;267;"6";0.629941844950683;12.6023141395999;"No specified Location";FALSE
578;"8";NA;267;"6";0.629941844950683;2.46062193624675;"No specified Location";FALSE
690;"105";NA;272;"6";0.197460688003698;16.9551456538611;"No specified Location";FALSE
668;"6";0.301392971999253;272;"6";0.197460688003698;17.2507121693343;"No specified Location";TRUE
695;"6";0.665952915876931;272;"6";0.197460688003698;75.0219500530511;"No specified Location";TRUE
674;"6";1;272;"6";0.197460688003698;3980.61110798083;"No specified Location";TRUE
541;"8";NA;272;"6";0.197460688003698;11.4612361476757;"No specified Location";FALSE
589;"8";NA;277;"9";0.942603365174284;126.830809115898;"No specified Location";FALSE
587;"101";NA;277;"9";0.942603365174284;7.79551152116619;"No specified Location";FALSE
585;"102";NA;277;"9";0.942603365174284;12.7245024557924;"No specified Location";FALSE
721;"105";NA;277;"9";0.942603365174284;1630.98027055617;"No specified Location";FALSE
724;"9";0.76939248388338;277;"9";0.942603365174284;23401.4071311988;"No specified Location";TRUE
740;"105";NA;277;"9";0.942603365174284;1311.60072725825;"No specified Location";FALSE
777;"3";0.484218592160539;277;"9";0.942603365174284;15.243108982686;"No specified Location";FALSE
766;"6";0.588184586148547;277;"9";0.942603365174284;42.530159920454;"No specified Location";FALSE
620;"8";NA;284;"6";0.196967570202272;13.8499724762514;"No specified Location";FALSE
453;"9";1;284;"6";0.196967570202272;41.6033212777693;"No specified Location";FALSE
750;"6";0.865935720198607;284;"6";0.196967570202272;148.151175959196;"No specified Location";TRUE
808;"6";0.154323144578332;284;"6";0.196967570202272;12.231504450825;"No specified Location";TRUE
855;"6";0.231417520382137;284;"6";0.196967570202272;0.0507844693020161;"No specified Location";TRUE
838;"3";0.06793028881648;284;"6";0.196967570202272;32.0203056260943;"No specified Location";FALSE
748;"6";0.213118522713949;284;"6";0.196967570202272;11620.4788112709;"No specified Location";TRUE
749;"102";NA;285;"6";0.819238125740683;73.9661882396322;"No specified Location";FALSE
693;"102";NA;285;"6";0.819238125740683;1.50907240482047;"No specified Location";FALSE
620;"8";NA;285;"6";0.819238125740683;3.84438471088652;"No specified Location";FALSE
750;"6";0.865935720198607;285;"6";0.819238125740683;28523.4574591676;"No specified Location";TRUE
808;"6";0.154323144578332;285;"6";0.819238125740683;74.4802799470126;"No specified Location";TRUE
778;"6";0.679941193855847;285;"6";0.819238125740683;153.899702630355;"No specified Location";TRUE
748;"6";0.213118522713949;285;"6";0.819238125740683;2.52708714798791;"No specified Location";TRUE
750;"6";0.865935720198607;290;"6";0.786257510733075;9.65027521381853;"No specified Location";TRUE
778;"6";0.679941193855847;290;"6";0.786257510733075;8522.59180198982;"No specified Location";TRUE
789;"2";0.770969802528575;292;"2";0.0874836010951696;27.9540773554472;"No specified Location";TRUE
774;"3";0.103621330209316;292;"2";0.0874836010951696;15.5425526187464;"No specified Location";FALSE
760;"3";0.0804379293873165;292;"2";0.0874836010951696;6853.54029371403;"No specified Location";FALSE
781;"3";0.614266038483175;292;"2";0.0874836010951696;56.9483526573968;"No specified Location";FALSE
793;"3";0.357225286031896;292;"2";0.0874836010951696;1028.01591303654;"No specified Location";FALSE
815;"2";0.661943608313663;292;"2";0.0874836010951696;1.55030673841247;"No specified Location";TRUE
648;"102";NA;292;"2";0.0874836010951696;65.138764668256;"No specified Location";FALSE
759;"6";0.724080160697966;292;"2";0.0874836010951696;20.383351116674;"No specified Location";FALSE
585;"102";NA;293;"2";0.69980631921934;22.4769189367071;"No specified Location";FALSE
724;"9";0.76939248388338;293;"2";0.69980631921934;34.4299473376886;"No specified Location";FALSE
795;"3";0.112250552401753;293;"2";0.69980631921934;2.595648471608;"No specified Location";FALSE
777;"3";0.484218592160539;293;"2";0.69980631921934;45.9425063391682;"No specified Location";FALSE
766;"6";0.588184586148547;293;"2";0.69980631921934;5843.01324642263;"No specified Location";FALSE
784;"3";0.439755416722961;293;"2";0.69980631921934;5.62311712853261;"No specified Location";FALSE
779;"105";NA;293;"2";0.69980631921934;13.7913423608989;"No specified Location";FALSE
724;"9";0.76939248388338;295;"2";0.50956550334667;50.0735570113175;"No specified Location";FALSE
777;"3";0.484218592160539;295;"2";0.50956550334667;7303.74533751234;"No specified Location";FALSE
789;"2";0.770969802528575;297;"2";0.973734660924762;2159.95522864349;"No specified Location";TRUE
774;"3";0.103621330209316;297;"2";0.973734660924762;4046.19614723377;"No specified Location";FALSE
648;"102";NA;297;"2";0.973734660924762;67.6132196476683;"No specified Location";FALSE
795;"3";0.112250552401753;302;"2";0.640583850022921;6.7371230427234;"No specified Location";FALSE
766;"6";0.588184586148547;302;"2";0.640583850022921;22.1202990929596;"No specified Location";FALSE
784;"3";0.439755416722961;302;"2";0.640583850022921;6465.33784891013;"No specified Location";FALSE
844;"3";0.487496805806359;302;"2";0.640583850022921;1.49092460419047;"No specified Location";FALSE
834;"3";0.268302499094678;302;"2";0.640583850022921;15.0253921952099;"No specified Location";FALSE
841;"2";0.551379264729076;302;"2";0.640583850022921;40.898818351503;"No specified Location";TRUE
775;"105";NA;302;"2";0.640583850022921;20.7920011049137;"No specified Location";FALSE
779;"105";NA;302;"2";0.640583850022921;37.4795709564351;"No specified Location";FALSE
776;"105";NA;303;"2";0.47658078622398;7.72771296417341;"No specified Location";FALSE
782;"2";0.514309522953129;303;"2";0.47658078622398;1628.72474455996;"No specified Location";TRUE
774;"3";0.103621330209316;303;"2";0.47658078622398;45.636523548048;"No specified Location";FALSE
648;"102";NA;303;"2";0.47658078622398;7.23902807128616;"No specified Location";FALSE
760;"3";0.0804379293873165;304;"2";0.272522341857065;11.5319645527343;"No specified Location";FALSE
781;"3";0.614266038483175;304;"2";0.272522341857065;2315.11891083606;"No specified Location";FALSE
793;"3";0.357225286031896;304;"2";0.272522341857065;0.396618513826979;"No specified Location";FALSE
815;"2";0.661943608313663;304;"2";0.272522341857065;0.41643619153183;"No specified Location";TRUE
791;"3";0.0385306775516107;304;"2";0.272522341857065;7.18268446967704;"No specified Location";FALSE
759;"6";0.724080160697966;304;"2";0.272522341857065;15.8797494281171;"No specified Location";FALSE
750;"6";0.865935720198607;305;"6";0.241879873675539;0.0575888496532571;"No specified Location";TRUE
808;"6";0.154323144578332;305;"6";0.241879873675539;2506.39323799592;"No specified Location";TRUE
855;"6";0.231417520382137;305;"6";0.241879873675539;16.5790743408725;"No specified Location";TRUE
795;"3";0.112250552401753;306;"2";0.977652034419948;5298.66495006112;"No specified Location";FALSE
777;"3";0.484218592160539;306;"2";0.977652034419948;110.065738738514;"No specified Location";FALSE
766;"6";0.588184586148547;306;"2";0.977652034419948;4.26280817230145;"No specified Location";FALSE
784;"3";0.439755416722961;306;"2";0.977652034419948;15.0248685285915;"No specified Location";FALSE
781;"3";0.614266038483175;307;"2";0.790490657612173;31.5016243206337;"No specified Location";FALSE
815;"2";0.661943608313663;307;"2";0.790490657612173;320.801008756272;"No specified Location";TRUE
804;"2";0.870572729387367;307;"2";0.790490657612173;503.57533377246;"No specified Location";TRUE
791;"3";0.0385306775516107;307;"2";0.790490657612173;880.548535909038;"No specified Location";FALSE
759;"6";0.724080160697966;307;"2";0.790490657612173;1.44755760022963;"No specified Location";FALSE
855;"6";0.231417520382137;309;"2";0.566029849888955;2.93636279529892;"No specified Location";FALSE
838;"3";0.06793028881648;309;"2";0.566029849888955;1518.10197396018;"No specified Location";FALSE
748;"6";0.213118522713949;309;"2";0.566029849888955;9.9508924568072;"No specified Location";FALSE
444;"104";NA;311;"5";0.247161096850861;77.787183291468;"No specified Location";FALSE
832;"105";NA;311;"5";0.247161096850861;790.928999911994;"No specified Location";FALSE
848;"2";0.32348453572655;311;"5";0.247161096850861;1.91538572534046;"No specified Location";FALSE
850;"2";0.572496835848959;311;"5";0.247161096850861;157.229409628548;"No specified Location";FALSE
795;"3";0.112250552401753;311;"5";0.247161096850861;25.4200519472361;"No specified Location";FALSE
777;"3";0.484218592160539;311;"5";0.247161096850861;0.865248769172467;"No specified Location";FALSE
808;"6";0.154323144578332;313;"6";0.517300086049073;16.4208301343024;"No specified Location";TRUE
855;"6";0.231417520382137;313;"6";0.517300086049073;454.143962945731;"No specified Location";TRUE
444;"104";NA;314;"2";0.434725045652968;27.7800081715686;"No specified Location";FALSE
832;"105";NA;314;"2";0.434725045652968;0.392875398567412;"No specified Location";FALSE
848;"2";0.32348453572655;314;"2";0.434725045652968;267.981432821252;"No specified Location";TRUE
784;"3";0.439755416722961;316;"2";0.780840215585239;55.708177561406;"No specified Location";FALSE
834;"3";0.268302499094678;316;"2";0.780840215585239;173.474041785114;"No specified Location";FALSE
841;"2";0.551379264729076;316;"2";0.780840215585239;0.586818697949639;"No specified Location";TRUE
841;"2";0.551379264729076;320;"2";0.974168440201033;3.62451165122911;"No specified Location";TRUE
774;"3";0.103621330209316;124;"8";NA;32.03340406809;"No specified Location";FALSE
760;"3";0.0804379293873165;124;"8";NA;16.8254422964528;"No specified Location";FALSE
791;"3";0.0385306775516107;124;"8";NA;20.433942551259;"No specified Location";FALSE
680;"8";NA;124;"8";NA;23157.41626686;"No specified Location";TRUE
689;"101";NA;124;"8";NA;343.33684411319;"No specified Location";FALSE
659;"105";NA;124;"8";NA;67.3649674610933;"No specified Location";FALSE
647;"105";NA;124;"8";NA;44.2543839854188;"No specified Location";FALSE
652;"105";NA;124;"8";NA;53.5844360284973;"No specified Location";FALSE
653;"6";0.242483851659319;124;"8";NA;17.4800230141263;"No specified Location";FALSE
743;"105";NA;124;"8";NA;774.049170264741;"No specified Location";FALSE
744;"8";0.940209137927258;124;"8";NA;3047.70116758253;"No specified Location";TRUE
648;"102";NA;124;"8";NA;8307.10260991558;"No specified Location";FALSE
751;"9";1;124;"8";NA;8044.85162153002;"No specified Location";FALSE
759;"6";0.724080160697966;124;"8";NA;4841.27878351486;"No specified Location";FALSE
678;"105";NA;124;"8";NA;3800.26849143161;"No specified Location";FALSE
730;"105";NA;124;"8";NA;2.99119467747505;"No specified Location";FALSE
761;"105";NA;124;"8";NA;7.15212680306286;"No specified Location";FALSE
543;"9";0.564072656142617;124;"8";NA;107.850643240206;"No specified Location";FALSE
578;"8";NA;124;"8";NA;1495.6993414039;"No specified Location";TRUE
349;"104";NA;124;"8";NA;4915.22615123726;"No specified Location";FALSE
194;"107";NA;124;"8";NA;1588.27586017485;"No specified Location";FALSE
307;"102";NA;135;"8";NA;286.66642598249;"No specified Location";FALSE
312;"8";NA;135;"8";NA;22529.123925317;"No specified Location";TRUE
361;"9";0.850520099826412;135;"8";NA;2887.02026711917;"No specified Location";FALSE
339;"102";NA;135;"8";NA;986.584044916439;"No specified Location";FALSE
424;"9";1;135;"8";NA;32.4063871363178;"No specified Location";FALSE
418;"101";NA;135;"8";NA;1.28602513414808;"No specified Location";FALSE
444;"104";NA;135;"8";NA;6.29493100438776;"No specified Location";FALSE
425;"102";NA;242;"8";NA;94.9746786523538;"No specified Location";FALSE
653;"6";0.242483851659319;242;"8";NA;18.404882801231;"No specified Location";FALSE
543;"9";0.564072656142617;242;"8";NA;86.106583639048;"No specified Location";FALSE
674;"6";1;242;"8";NA;39.0933252831455;"No specified Location";FALSE
541;"8";NA;242;"8";NA;74106.1651897458;"No specified Location";TRUE
548;"8";NA;242;"8";NA;55.8281658398919;"No specified Location";TRUE
647;"105";NA;246;"8";NA;25.0583303696912;"No specified Location";FALSE
652;"105";NA;246;"8";NA;41.639500655001;"No specified Location";FALSE
653;"6";0.242483851659319;246;"8";NA;6.02309554291423;"No specified Location";FALSE
541;"8";NA;246;"8";NA;17.774040607037;"No specified Location";TRUE
548;"8";NA;246;"8";NA;15245.1492067673;"No specified Location";TRUE
578;"8";NA;246;"8";NA;0.0292539934598608;"No specified Location";TRUE
60;"102";NA;39;"104";NA;1587.46013363068;"No specified Location";FALSE
32;"104";NA;39;"104";NA;86713.3078107227;"No specified Location";TRUE
221;"102";NA;39;"104";NA;0.0819156741927145;"No specified Location";FALSE
301;"101";NA;39;"104";NA;372.753023643774;"No specified Location";FALSE
60;"102";NA;45;"104";NA;79553.063740573;"No specified Location";FALSE
32;"104";NA;45;"104";NA;12840.6087085239;"No specified Location";TRUE
301;"101";NA;45;"104";NA;16.5189590165974;"No specified Location";FALSE
168;"104";NA;46;"104";NA;109.256665511522;"No specified Location";TRUE
397;"9";1;46;"104";NA;30.8799797422253;"No specified Location";FALSE
411;"105";NA;46;"104";NA;0.958469805344066;"No specified Location";FALSE
403;"105";NA;46;"104";NA;2.80918354977621;"No specified Location";FALSE
337;"104";NA;46;"104";NA;0.0339450522587867;"No specified Location";TRUE
260;"104";NA;46;"104";NA;0.0855025608325377;"No specified Location";TRUE
315;"104";NA;46;"104";NA;16.4079942048993;"No specified Location";TRUE
313;"105";NA;46;"104";NA;5.55923884699587;"No specified Location";FALSE
305;"101";NA;46;"104";NA;4.11954119894654;"No specified Location";FALSE
298;"105";NA;46;"104";NA;8.8384889853769;"No specified Location";FALSE
276;"101";NA;46;"104";NA;301.777883265167;"No specified Location";FALSE
299;"104";NA;46;"104";NA;76.5159657656041;"No specified Location";TRUE
290;"101";NA;46;"104";NA;186.066716962901;"No specified Location";FALSE
282;"105";NA;46;"104";NA;85.0603757416829;"No specified Location";FALSE
287;"107";NA;46;"104";NA;8.7395518925332;"No specified Location";FALSE
286;"102";NA;46;"104";NA;8082.06349018682;"No specified Location";FALSE
320;"102";NA;46;"104";NA;844.77028831502;"No specified Location";FALSE
323;"107";NA;46;"104";NA;198.96164572757;"No specified Location";FALSE
32;"104";NA;47;"104";NA;89035.9910494788;"No specified Location";TRUE
172;"107";NA;73;"104";NA;14.640743597527;"No specified Location";FALSE
110;"107";NA;73;"104";NA;0.250779319743742;"No specified Location";FALSE
60;"102";NA;73;"104";NA;3343.32393635338;"No specified Location";FALSE
105;"107";NA;73;"104";NA;20845.5324297561;"No specified Location";FALSE
209;"104";NA;73;"104";NA;26.7909586657915;"No specified Location";TRUE
110;"107";NA;74;"107";NA;53.2533310048748;"No specified Location";TRUE
105;"107";NA;74;"107";NA;353.340931777202;"No specified Location";TRUE
172;"107";NA;86;"107";NA;20.1634190117475;"No specified Location";TRUE
60;"102";NA;86;"107";NA;5.32599024474621;"No specified Location";FALSE
209;"104";NA;86;"107";NA;3.79653899965342;"No specified Location";FALSE
32;"104";NA;107;"102";NA;414.762595363016;"No specified Location";FALSE
268;"105";NA;107;"102";NA;3467.50368227717;"No specified Location";FALSE
227;"104";NA;107;"102";NA;16355.6122075645;"No specified Location";FALSE
277;"105";NA;107;"102";NA;3001.74377917493;"No specified Location";FALSE
279;"105";NA;107;"102";NA;1907.31588867772;"No specified Location";FALSE
221;"102";NA;107;"102";NA;22482.1713881828;"No specified Location";TRUE
338;"102";NA;107;"102";NA;83.7561739461526;"No specified Location";TRUE
344;"104";NA;107;"102";NA;37.9943486806005;"No specified Location";FALSE
314;"105";NA;107;"102";NA;1062.21360279992;"No specified Location";FALSE
337;"104";NA;107;"102";NA;159.723880278878;"No specified Location";FALSE
168;"104";NA;109;"101";NA;113.801795948879;"No specified Location";FALSE
60;"102";NA;109;"101";NA;17279.0368548008;"No specified Location";FALSE
32;"104";NA;109;"101";NA;188.803555625142;"No specified Location";FALSE
316;"101";NA;109;"101";NA;66.2746845232905;"No specified Location";TRUE
301;"101";NA;109;"101";NA;311.436752417008;"No specified Location";TRUE
321;"105";NA;109;"101";NA;15.7461328973322;"No specified Location";FALSE
291;"101";NA;109;"101";NA;76.1158522032201;"No specified Location";TRUE
260;"104";NA;109;"101";NA;449.378269048815;"No specified Location";FALSE
273;"105";NA;109;"101";NA;16.091997902724;"No specified Location";FALSE
276;"101";NA;109;"101";NA;200.805171821405;"No specified Location";TRUE
274;"104";NA;109;"101";NA;1.23273811276886;"No specified Location";FALSE
271;"105";NA;109;"101";NA;6.00627933104988;"No specified Location";FALSE
286;"102";NA;109;"101";NA;0.130991078360239;"No specified Location";FALSE
60;"102";NA;114;"104";NA;889.499172577402;"No specified Location";FALSE
260;"104";NA;114;"104";NA;3685.49524532235;"No specified Location";TRUE
263;"101";NA;114;"104";NA;23.9663244916592;"No specified Location";FALSE
273;"105";NA;114;"104";NA;126.379264529172;"No specified Location";FALSE
298;"105";NA;114;"104";NA;0.00238069401257235;"No specified Location";FALSE
276;"101";NA;114;"104";NA;0.2225584060252;"No specified Location";FALSE
286;"102";NA;114;"104";NA;74.8947541690432;"No specified Location";FALSE
168;"104";NA;118;"101";NA;77.4251442319946;"No specified Location";FALSE
276;"101";NA;118;"101";NA;314.889173365766;"No specified Location";TRUE
411;"105";NA;120;"107";NA;0.134802112355828;"No specified Location";FALSE
299;"104";NA;120;"107";NA;102.943354718853;"No specified Location";FALSE
287;"107";NA;120;"107";NA;939.703511932865;"No specified Location";TRUE
307;"102";NA;120;"107";NA;126.279780638561;"No specified Location";FALSE
286;"102";NA;120;"107";NA;0.00224353143130429;"No specified Location";FALSE
320;"102";NA;120;"107";NA;104.398929229006;"No specified Location";FALSE
323;"107";NA;120;"107";NA;4636.58482907386;"No specified Location";TRUE
339;"102";NA;120;"107";NA;2.65716958011035;"No specified Location";FALSE
412;"107";NA;120;"107";NA;3.92805202891032;"No specified Location";TRUE
60;"102";NA;130;"101";NA;42.1599814750334;"No specified Location";FALSE
316;"101";NA;130;"101";NA;47.8233585235575;"No specified Location";TRUE
324;"105";NA;130;"101";NA;2.34127123331564;"No specified Location";FALSE
291;"101";NA;130;"101";NA;1400.08063069877;"No specified Location";TRUE
260;"104";NA;130;"101";NA;2.68026471231133;"No specified Location";FALSE
286;"102";NA;130;"101";NA;1138.40687485589;"No specified Location";FALSE
307;"102";NA;131;"105";NA;157.71089558641;"No specified Location";FALSE
361;"9";0.850520099826412;131;"105";NA;194.496944691986;"No specified Location";FALSE
323;"107";NA;131;"105";NA;295.927031678613;"No specified Location";FALSE
339;"102";NA;131;"105";NA;1404.52102284506;"No specified Location";FALSE
412;"107";NA;131;"105";NA;0.243360982974991;"No specified Location";FALSE
417;"101";NA;131;"105";NA;0.8453752891146;"No specified Location";FALSE
418;"101";NA;131;"105";NA;0.316103473032854;"No specified Location";FALSE
317;"102";NA;136;"104";NA;195.447526616597;"No specified Location";FALSE
312;"8";NA;136;"104";NA;160.224336672574;"No specified Location";FALSE
334;"101";NA;139;"104";NA;15.9501388361095;"No specified Location";FALSE
337;"104";NA;139;"104";NA;10.9896787988837;"No specified Location";TRUE
291;"101";NA;139;"104";NA;45.9977826646063;"No specified Location";FALSE
286;"102";NA;139;"104";NA;25185.0035032023;"No specified Location";FALSE
32;"104";NA;143;"101";NA;64.4606475229375;"No specified Location";FALSE
316;"101";NA;143;"101";NA;0.77611218416132;"No specified Location";TRUE
301;"101";NA;143;"101";NA;305.098913297523;"No specified Location";TRUE
316;"101";NA;144;"101";NA;648.388290618081;"No specified Location";TRUE
321;"105";NA;144;"101";NA;6.79702938819537;"No specified Location";FALSE
335;"105";NA;147;"104";NA;304.867161901086;"No specified Location";FALSE
340;"104";NA;147;"104";NA;0.0133153371280059;"No specified Location";TRUE
316;"101";NA;147;"104";NA;483.775643377652;"No specified Location";FALSE
337;"104";NA;147;"104";NA;3.79591187904589;"No specified Location";TRUE
316;"101";NA;149;"101";NA;14.7045670631342;"No specified Location";TRUE
328;"101";NA;149;"101";NA;51.4922035939526;"No specified Location";TRUE
301;"101";NA;149;"101";NA;0.468948842433747;"No specified Location";TRUE
316;"101";NA;151;"101";NA;29.9103321770672;"No specified Location";TRUE
328;"101";NA;151;"101";NA;34.6227393276058;"No specified Location";TRUE
221;"102";NA;153;"104";NA;27.7044774889109;"No specified Location";FALSE
392;"105";NA;153;"104";NA;35.7899764946778;"No specified Location";FALSE
344;"104";NA;153;"104";NA;3.28394230414415;"No specified Location";TRUE
328;"101";NA;153;"104";NA;1928.83700631862;"No specified Location";FALSE
337;"104";NA;153;"104";NA;39112.4308276016;"No specified Location";TRUE
301;"101";NA;153;"104";NA;6.84624674904626;"No specified Location";FALSE
337;"104";NA;160;"105";NA;193.75303049013;"No specified Location";FALSE
227;"104";NA;161;"104";NA;27.5347243556753;"No specified Location";TRUE
221;"102";NA;161;"104";NA;30.2438244918594;"No specified Location";FALSE
425;"102";NA;161;"104";NA;4.17284766444936;"No specified Location";FALSE
338;"102";NA;161;"104";NA;14316.8013752536;"No specified Location";FALSE
392;"105";NA;161;"104";NA;66.5127879997017;"No specified Location";FALSE
344;"104";NA;161;"104";NA;3190.54687263397;"No specified Location";TRUE
402;"105";NA;161;"104";NA;121.537533495168;"No specified Location";FALSE
413;"105";NA;161;"104";NA;123.37996888347;"No specified Location";FALSE
337;"104";NA;161;"104";NA;1.53399659894058;"No specified Location";TRUE
338;"102";NA;166;"104";NA;36.186229793122;"No specified Location";FALSE
392;"105";NA;166;"104";NA;65.2761626871652;"No specified Location";FALSE
344;"104";NA;166;"104";NA;12812.2270435462;"No specified Location";TRUE
337;"104";NA;166;"104";NA;106.934562972165;"No specified Location";TRUE
317;"102";NA;174;"104";NA;293.421077000792;"No specified Location";FALSE
312;"8";NA;174;"104";NA;28.1655815513805;"No specified Location";FALSE
444;"104";NA;174;"104";NA;0.0794056715531042;"No specified Location";TRUE
453;"9";1;174;"104";NA;0.772880249893205;"No specified Location";FALSE
392;"105";NA;188;"105";NA;57.866253760003;"No specified Location";TRUE
396;"9";1;188;"105";NA;41.3794306655145;"No specified Location";FALSE
400;"105";NA;188;"105";NA;41.2504181977129;"No specified Location";TRUE
405;"105";NA;188;"105";NA;145.329891331261;"No specified Location";TRUE
402;"105";NA;188;"105";NA;91.1512624460738;"No specified Location";TRUE
394;"9";1;188;"105";NA;157.555027339964;"No specified Location";FALSE
337;"104";NA;188;"105";NA;1761.78880865918;"No specified Location";FALSE
286;"102";NA;188;"105";NA;7.64533163164742;"No specified Location";FALSE
442;"101";NA;200;"107";NA;121.716628015158;"No specified Location";FALSE
411;"105";NA;200;"107";NA;6.68898960179649;"No specified Location";FALSE
412;"107";NA;200;"107";NA;6297.30785964796;"No specified Location";TRUE
417;"101";NA;200;"107";NA;48.2849055519328;"No specified Location";FALSE
559;"101";NA;200;"107";NA;29.4138209933881;"No specified Location";FALSE
547;"107";NA;200;"107";NA;2.2462748317048;"No specified Location";TRUE
496;"101";NA;200;"107";NA;81.3228077249369;"No specified Location";FALSE
583;"107";NA;200;"107";NA;0.744324028026313;"No specified Location";TRUE
412;"107";NA;202;"105";NA;185.393815327552;"No specified Location";FALSE
417;"101";NA;202;"105";NA;1818.22425125819;"No specified Location";FALSE
418;"101";NA;202;"105";NA;294.194099433953;"No specified Location";FALSE
424;"9";1;205;"105";NA;49.3548955768347;"No specified Location";FALSE
417;"101";NA;205;"105";NA;90.6798501505982;"No specified Location";FALSE
418;"101";NA;205;"105";NA;4836.38154852111;"No specified Location";FALSE
483;"9";1;205;"105";NA;40.4860327641945;"No specified Location";FALSE
402;"105";NA;208;"105";NA;432.960625493492;"No specified Location";TRUE
444;"104";NA;209;"104";NA;808.330420991406;"No specified Location";TRUE
425;"102";NA;213;"105";NA;59.1636531781987;"No specified Location";FALSE
396;"9";1;213;"105";NA;9.44103375996929;"No specified Location";FALSE
400;"105";NA;213;"105";NA;8.42458051251015;"No specified Location";TRUE
402;"105";NA;213;"105";NA;50.304958516499;"No specified Location";TRUE
430;"105";NA;213;"105";NA;208.097880544025;"No specified Location";TRUE
425;"102";NA;217;"104";NA;2370.95040699677;"No specified Location";FALSE
444;"104";NA;234;"105";NA;4376.64366026712;"No specified Location";FALSE
537;"104";NA;234;"105";NA;146.329768842988;"No specified Location";FALSE
425;"102";NA;238;"104";NA;221.598381820135;"No specified Location";FALSE
444;"104";NA;240;"105";NA;71.9281347483629;"No specified Location";FALSE
537;"104";NA;240;"105";NA;2281.81085421483;"No specified Location";FALSE
418;"101";NA;243;"105";NA;64.4715866290499;"No specified Location";FALSE
483;"9";1;243;"105";NA;77.1970967988018;"No specified Location";FALSE
558;"8";NA;243;"105";NA;6073.91036246158;"No specified Location";FALSE
444;"104";NA;243;"105";NA;12.2730604271765;"No specified Location";FALSE
589;"8";NA;243;"105";NA;107.056195687968;"No specified Location";FALSE
444;"104";NA;245;"105";NA;2060.77309449343;"No specified Location";FALSE
580;"101";NA;249;"105";NA;5995.30904497765;"No specified Location";FALSE
582;"102";NA;249;"105";NA;2053.12380981687;"No specified Location";FALSE
583;"107";NA;249;"105";NA;59.9281381210312;"No specified Location";FALSE
761;"105";NA;249;"105";NA;0.102766431344207;"No specified Location";TRUE
543;"9";0.564072656142617;249;"105";NA;50.7266471425537;"No specified Location";FALSE
412;"107";NA;250;"107";NA;1.4453587308526;"No specified Location";TRUE
582;"102";NA;250;"107";NA;437.336665837676;"No specified Location";FALSE
585;"102";NA;250;"107";NA;61.6198163479567;"No specified Location";FALSE
583;"107";NA;250;"107";NA;5424.46075953636;"No specified Location";TRUE
412;"107";NA;251;"105";NA;0.159879092418123;"No specified Location";FALSE
417;"101";NA;251;"105";NA;1.97753820820071;"No specified Location";FALSE
418;"101";NA;251;"105";NA;0.0659556690879981;"No specified Location";FALSE
587;"101";NA;251;"105";NA;111.664739192074;"No specified Location";FALSE
585;"102";NA;251;"105";NA;3096.84192040446;"No specified Location";FALSE
583;"107";NA;251;"105";NA;236.782519054977;"No specified Location";FALSE
724;"9";0.76939248388338;251;"105";NA;1.00731107449974;"No specified Location";FALSE
766;"6";0.588184586148547;251;"105";NA;7.09938287572004;"No specified Location";FALSE
418;"101";NA;252;"105";NA;12.311261432711;"No specified Location";FALSE
589;"8";NA;252;"105";NA;61.3366907068412;"No specified Location";FALSE
587;"101";NA;252;"105";NA;6154.74556343583;"No specified Location";FALSE
585;"102";NA;252;"105";NA;88.9549557178834;"No specified Location";FALSE
721;"105";NA;252;"105";NA;5.26209709703107;"No specified Location";TRUE
724;"9";0.76939248388338;252;"105";NA;77.7360735447146;"No specified Location";FALSE
648;"102";NA;263;"107";NA;180.928967000276;"No specified Location";FALSE
349;"104";NA;263;"107";NA;0.194744879729114;"No specified Location";FALSE
194;"107";NA;263;"107";NA;4519.30182062485;"No specified Location";TRUE
680;"8";NA;271;"104";NA;104.625961274374;"No specified Location";FALSE
648;"102";NA;271;"104";NA;2073.36469026748;"No specified Location";FALSE
751;"9";1;271;"104";NA;4.82121625673608;"No specified Location";FALSE
759;"6";0.724080160697966;271;"104";NA;4.92967727640644;"No specified Location";FALSE
194;"107";NA;271;"104";NA;292.603131736862;"No specified Location";FALSE
648;"102";NA;276;"107";NA;7.68393977277447;"No specified Location";FALSE
349;"104";NA;276;"107";NA;6.13751058321213;"No specified Location";FALSE
194;"107";NA;276;"107";NA;19284.3981031845;"No specified Location";TRUE
582;"102";NA;278;"107";NA;384.068558258936;"No specified Location";FALSE
585;"102";NA;278;"107";NA;64.969844824449;"No specified Location";FALSE
583;"107";NA;278;"107";NA;2746.20235645864;"No specified Location";TRUE
582;"102";NA;294;"107";NA;2.01547923180624;"No specified Location";FALSE
583;"107";NA;294;"107";NA;8.31084325234406;"No specified Location";TRUE
775;"105";NA;294;"107";NA;41.3249508375302;"No specified Location";FALSE
770;"107";NA;294;"107";NA;2789.81533150282;"No specified Location";TRUE
776;"105";NA;294;"107";NA;21.0838503302385;"No specified Location";FALSE
761;"105";NA;294;"107";NA;15.7934089298797;"No specified Location";FALSE
585;"102";NA;296;"105";NA;0.418027148320107;"No specified Location";FALSE
766;"6";0.588184586148547;296;"105";NA;1.74894715938717;"No specified Location";FALSE
775;"105";NA;296;"105";NA;19.20557683683;"No specified Location";TRUE
779;"105";NA;296;"105";NA;297.26619585976;"No specified Location";TRUE
776;"105";NA;298;"105";NA;69.8812509961426;"No specified Location";TRUE
782;"2";0.514309522953129;298;"105";NA;48.8521158748772;"No specified Location";FALSE
648;"102";NA;298;"105";NA;15.1429946250282;"No specified Location";FALSE
444;"104";NA;317;"105";NA;1.08473259949824;"No specified Location";FALSE
848;"2";0.32348453572655;317;"105";NA;6.61037150281481;"No specified Location";FALSE
444;"104";NA;318;"105";NA;1.11271806893637;"No specified Location";FALSE
537;"104";NA;318;"105";NA;3.04822806839366;"No specified Location";FALSE
856;"105";NA;318;"105";NA;17.5189200803616;"No specified Location";TRUE
848;"2";0.32348453572655;318;"105";NA;11.3017857871773;"No specified Location";FALSE
32;"104";NA;27;"104";NA;179155.65929557;"No specified Location";TRUE
221;"102";NA;27;"104";NA;2990.29521063108;"No specified Location";FALSE
314;"105";NA;27;"104";NA;23.5779655925871;"No specified Location";FALSE
328;"101";NA;27;"104";NA;24.1980713748817;"No specified Location";FALSE
337;"104";NA;27;"104";NA;11.377556465115;"No specified Location";TRUE
301;"101";NA;27;"104";NA;12.8130422742106;"No specified Location";FALSE
465;"9";1;224;"105";NA;16.920237967799;"No specified Location";FALSE
440;"9";0.666007687843215;224;"105";NA;77.4499183938606;"No specified Location";FALSE
489;"105";NA;224;"105";NA;4942.12846117979;"No specified Location";TRUE
518;"9";0.80577474521471;224;"105";NA;2.59707842109492;"No specified Location";FALSE
582;"102";NA;291;"105";NA;12.60635337024;"No specified Location";FALSE
585;"102";NA;291;"105";NA;3.46470036031678;"No specified Location";FALSE
583;"107";NA;291;"105";NA;0.353005776498321;"No specified Location";FALSE
784;"3";0.439755416722961;291;"105";NA;15.1264575167152;"No specified Location";FALSE
834;"3";0.268302499094678;291;"105";NA;3.11945341352839;"No specified Location";FALSE
833;"105";NA;291;"105";NA;20.1442472380586;"No specified Location";TRUE
775;"105";NA;291;"105";NA;1475.24785436364;"No specified Location";TRUE
770;"107";NA;291;"105";NA;82.9613106721611;"No specified Location";FALSE
776;"105";NA;291;"105";NA;989.359441017441;"No specified Location";TRUE
782;"2";0.514309522953129;291;"105";NA;9.19001534908057;"No specified Location";FALSE
648;"102";NA;291;"105";NA;10.5150561115152;"No specified Location";FALSE
761;"105";NA;291;"105";NA;807.778994217515;"No specified Location";TRUE
543;"9";0.564072656142617;291;"105";NA;13.986289931956;"No specified Location";FALSE
349;"104";NA;291;"105";NA;4.13602083688602;"No specified Location";FALSE
194;"107";NA;291;"105";NA;2.0858551886995;"No specified Location";FALSE
543;"9";0.564072656142617;248;"104";NA;18912.5500512321;"No specified Location";FALSE
594;"105";NA;248;"104";NA;1505.72267279231;"No specified Location";FALSE
537;"104";NA;319;"105";NA;0.78742099115334;"No specified Location";FALSE
453;"9";1;319;"105";NA;22.2346098356829;"No specified Location";FALSE
857;"105";NA;319;"105";NA;80.6264679494197;"No specified Location";TRUE
856;"105";NA;319;"105";NA;5.89148876260879;"No specified Location";TRUE
804;"2";0.870572729387367;312;"105";NA;0.000367593114333431;"No specified Location";FALSE
791;"3";0.0385306775516107;312;"105";NA;42.8529511315796;"No specified Location";FALSE
648;"102";NA;312;"105";NA;389.209907694254;"No specified Location";FALSE
759;"6";0.724080160697966;312;"105";NA;9.03877863081289;"No specified Location";FALSE
194;"107";NA;312;"105";NA;55.6292005579453;"No specified Location";FALSE
749;"102";NA;275;"104";NA;2117.55644589942;"No specified Location";FALSE
693;"102";NA;275;"104";NA;6497.2537566293;"No specified Location";FALSE
727;"102";NA;275;"104";NA;2982.40051777102;"No specified Location";FALSE
662;"9";1;275;"104";NA;275.573225722881;"No specified Location";FALSE
718;"105";NA;275;"104";NA;283.949079789221;"No specified Location";FALSE
723;"102";NA;275;"104";NA;4061.90896680066;"No specified Location";FALSE
745;"105";NA;275;"104";NA;138.342100093141;"No specified Location";FALSE
317;"102";NA;137;"105";NA;8087.61461239867;"No specified Location";FALSE
441;"9";1;137;"105";NA;16.5918649841897;"No specified Location";FALSE
453;"9";1;137;"105";NA;8.43579070363194;"No specified Location";FALSE
425;"102";NA;212;"104";NA;33563.8753937366;"No specified Location";FALSE
344;"104";NA;212;"104";NA;2.67816018825397;"No specified Location";TRUE
402;"105";NA;212;"104";NA;25.2199890172342;"No specified Location";FALSE
413;"105";NA;212;"104";NA;75.6735825046489;"No specified Location";FALSE
430;"105";NA;212;"104";NA;8.9630010924302;"No specified Location";FALSE
518;"9";0.80577474521471;212;"104";NA;72.443991737091;"No specified Location";FALSE
541;"8";NA;212;"104";NA;7.68630968004618;"No specified Location";FALSE
548;"8";NA;212;"104";NA;28.253131098114;"No specified Location";FALSE
334;"101";NA;145;"104";NA;2576.96475748642;"No specified Location";FALSE
335;"105";NA;145;"104";NA;5.95117580974329;"No specified Location";FALSE
345;"105";NA;145;"104";NA;2.1587898331245;"No specified Location";FALSE
340;"104";NA;145;"104";NA;525.510747394961;"No specified Location";TRUE
348;"6";0.606915425271926;145;"104";NA;516.748113687616;"No specified Location";FALSE
316;"101";NA;145;"104";NA;60.1869580120256;"No specified Location";FALSE
337;"104";NA;145;"104";NA;53.2528514189617;"No specified Location";TRUE
324;"105";NA;145;"104";NA;0.535833921087033;"No specified Location";FALSE
286;"102";NA;145;"104";NA;2560.25552842513;"No specified Location";FALSE
335;"105";NA;154;"9";1;26.5730122360401;"No specified Location";FALSE
316;"101";NA;154;"9";1;31.499717513565;"No specified Location";FALSE
328;"101";NA;154;"9";1;196.237287274271;"No specified Location";FALSE
337;"104";NA;154;"9";1;2141.58136395121;"No specified Location";FALSE
394;"9";1;193;"9";0.898824426123212;21.0697385626845;"No specified Location";TRUE
397;"9";1;193;"9";0.898824426123212;9245.24174527265;"No specified Location";TRUE
409;"101";NA;193;"9";0.898824426123212;1103.35104334814;"No specified Location";FALSE
286;"102";NA;193;"9";0.898824426123212;7.31919554434717;"No specified Location";FALSE
454;"9";0.4337390374285;193;"9";0.898824426123212;144.143765675835;"No specified Location";TRUE
421;"101";NA;193;"9";0.898824426123212;3.56784359645098;"No specified Location";FALSE
396;"9";1;194;"9";0.249905164576513;16.5824842297006;"No specified Location";TRUE
394;"9";1;194;"9";0.249905164576513;12705.6721882962;"No specified Location";TRUE
397;"9";1;194;"9";0.249905164576513;21.9955265845638;"No specified Location";TRUE
337;"104";NA;194;"9";0.249905164576513;1.41028917318181;"No specified Location";FALSE
286;"102";NA;194;"9";0.249905164576513;0.186794218578143;"No specified Location";FALSE
454;"9";0.4337390374285;194;"9";0.249905164576513;191.069858580828;"No specified Location";TRUE
440;"9";0.666007687843215;194;"9";0.249905164576513;34227.7595251855;"No specified Location";TRUE
543;"9";0.564072656142617;194;"9";0.249905164576513;12.4014467527159;"No specified Location";TRUE
489;"105";NA;194;"9";0.249905164576513;61.1876999422275;"No specified Location";FALSE
472;"105";NA;196;"9";1;35.5143979126005;"No specified Location";FALSE
482;"101";NA;196;"9";1;4.72306906222366;"No specified Location";FALSE
470;"104";NA;196;"9";1;165.936443530605;"No specified Location";FALSE
486;"105";NA;196;"9";1;34.1065926777665;"No specified Location";FALSE
397;"9";1;196;"9";1;33.6119825978676;"No specified Location";TRUE
442;"101";NA;196;"9";1;32.7239854382351;"No specified Location";FALSE
439;"101";NA;196;"9";1;292.849596872926;"No specified Location";FALSE
409;"101";NA;196;"9";1;53.7928981729929;"No specified Location";FALSE
411;"105";NA;196;"9";1;151.534388707485;"No specified Location";FALSE
403;"105";NA;196;"9";1;290.899163670721;"No specified Location";FALSE
412;"107";NA;196;"9";1;119.937984966251;"No specified Location";FALSE
559;"101";NA;196;"9";1;52.0849398491555;"No specified Location";FALSE
553;"104";NA;196;"9";1;27.2218932115939;"No specified Location";FALSE
547;"107";NA;196;"9";1;29.3093870702141;"No specified Location";FALSE
539;"104";NA;196;"9";1;43.8592238207348;"No specified Location";FALSE
454;"9";0.4337390374285;196;"9";1;15572.9826835777;"No specified Location";TRUE
491;"101";NA;196;"9";1;5145.926945135;"No specified Location";FALSE
492;"101";NA;196;"9";1;1056.68486620777;"No specified Location";FALSE
496;"101";NA;196;"9";1;149.636455970816;"No specified Location";FALSE
421;"101";NA;196;"9";1;4259.0248017062;"No specified Location";FALSE
440;"9";0.666007687843215;196;"9";1;10.2692680758773;"No specified Location";TRUE
564;"105";NA;196;"9";1;282.209969554955;"No specified Location";FALSE
575;"105";NA;196;"9";1;55.3530958215706;"No specified Location";FALSE
580;"101";NA;196;"9";1;8.94759561314277;"No specified Location";FALSE
582;"102";NA;196;"9";1;1.4154374507998;"No specified Location";FALSE
583;"107";NA;196;"9";1;0.223385207929823;"No specified Location";FALSE
543;"9";0.564072656142617;196;"9";1;11.5170651237713;"No specified Location";TRUE
425;"102";NA;198;"9";0.605966222004417;132.387072961021;"No specified Location";FALSE
396;"9";1;198;"9";0.605966222004417;13538.6073035332;"No specified Location";TRUE
400;"105";NA;198;"9";0.605966222004417;1960.56589194096;"No specified Location";FALSE
405;"105";NA;198;"9";0.605966222004417;113.347556838766;"No specified Location";FALSE
402;"105";NA;198;"9";0.605966222004417;67.6085968038387;"No specified Location";FALSE
430;"105";NA;198;"9";0.605966222004417;8.66456384651246;"No specified Location";FALSE
465;"9";1;198;"9";0.605966222004417;13307.2813350074;"No specified Location";TRUE
394;"9";1;198;"9";0.605966222004417;8.65652258339833;"No specified Location";TRUE
440;"9";0.666007687843215;198;"9";0.605966222004417;35.62798912789;"No specified Location";TRUE
489;"105";NA;198;"9";0.605966222004417;42.8280403840472;"No specified Location";FALSE
518;"9";0.80577474521471;198;"9";0.605966222004417;102.038383575622;"No specified Location";TRUE
317;"102";NA;203;"9";1;1.26056871050969;"No specified Location";FALSE
497;"6";0.196115506076856;203;"9";1;38.8784488956444;"No specified Location";FALSE
441;"9";1;203;"9";1;5408.39280020579;"No specified Location";TRUE
500;"6";0.238084361499886;203;"9";1;58.1632273782743;"No specified Location";FALSE
562;"9";0.291669813158481;203;"9";1;121.773511658947;"No specified Location";TRUE
610;"105";NA;203;"9";1;608.779106120113;"No specified Location";FALSE
531;"9";0.567013665405127;203;"9";1;117.510640329681;"No specified Location";TRUE
444;"104";NA;203;"9";1;417.82579245638;"No specified Location";FALSE
537;"104";NA;203;"9";1;6593.07113086432;"No specified Location";FALSE
769;"105";NA;203;"9";1;891.062022366561;"No specified Location";FALSE
620;"8";NA;203;"9";1;228.452977048757;"No specified Location";FALSE
453;"9";1;203;"9";1;43303.6445895911;"No specified Location";TRUE
838;"3";0.06793028881648;203;"9";1;9.9304398833774;"No specified Location";FALSE
748;"6";0.213118522713949;203;"9";1;12.4515062821883;"No specified Location";FALSE
424;"9";1;206;"6";0.018994385710894;5967.60089894664;"No specified Location";FALSE
418;"101";NA;206;"6";0.018994385710894;2.75766459747683;"No specified Location";FALSE
483;"9";1;206;"6";0.018994385710894;10.2091732979752;"No specified Location";FALSE
444;"104";NA;206;"6";0.018994385710894;4.82218968156667;"No specified Location";FALSE
312;"8";NA;207;"9";1;1.3609546655789;"No specified Location";FALSE
424;"9";1;207;"9";1;70.478870143299;"No specified Location";TRUE
461;"105";NA;207;"9";1;791.612718428252;"No specified Location";FALSE
483;"9";1;207;"9";1;39.6500690435059;"No specified Location";TRUE
558;"8";NA;207;"9";1;6.73770144532318;"No specified Location";FALSE
444;"104";NA;207;"9";1;47167.4737764993;"No specified Location";FALSE
589;"8";NA;207;"9";1;116.750495543029;"No specified Location";FALSE
721;"105";NA;207;"9";1;7.91705550742336;"No specified Location";FALSE
740;"105";NA;207;"9";1;572.733319796389;"No specified Location";FALSE
777;"3";0.484218592160539;207;"9";1;48.1088153609307;"No specified Location";FALSE
477;"9";0.920165357842559;211;"9";0.994618067427207;3549.64559703181;"No specified Location";TRUE
500;"6";0.238084361499886;211;"9";0.994618067427207;10.3362787831575;"No specified Location";FALSE
562;"9";0.291669813158481;211;"9";0.994618067427207;15.9693131726235;"No specified Location";TRUE
592;"6";0.590610461121593;211;"9";0.994618067427207;0.898429719731212;"No specified Location";FALSE
531;"9";0.567013665405127;211;"9";0.994618067427207;3.50083907839144;"No specified Location";TRUE
620;"8";NA;211;"9";0.994618067427207;0.0832067449227907;"No specified Location";FALSE
638;"9";0.0978120980482985;211;"9";0.994618067427207;74.4710169322043;"No specified Location";TRUE
662;"9";1;211;"9";0.994618067427207;17.1252414123155;"No specified Location";TRUE
574;"9";0.81923609073883;211;"9";0.994618067427207;14680.0034266892;"No specified Location";TRUE
424;"9";1;220;"9";0.629538325087819;11.9726540641859;"No specified Location";TRUE
418;"101";NA;220;"9";0.629538325087819;158.801477563946;"No specified Location";FALSE
483;"9";1;220;"9";0.629538325087819;14362.0473983957;"No specified Location";TRUE
558;"8";NA;220;"9";0.629538325087819;17.6424328137655;"No specified Location";FALSE
444;"104";NA;220;"9";0.629538325087819;69.3601991382966;"No specified Location";FALSE
477;"9";0.920165357842559;223;"6";0.724019866306409;3.42099140305072;"No specified Location";FALSE
497;"6";0.196115506076856;223;"6";0.724019866306409;966.333602299448;"No specified Location";TRUE
499;"6";0.0782548445173729;223;"6";0.724019866306409;275.34512547357;"No specified Location";TRUE
441;"9";1;223;"6";0.724019866306409;11.7714761337265;"No specified Location";FALSE
500;"6";0.238084361499886;223;"6";0.724019866306409;10160.356290517;"No specified Location";TRUE
531;"9";0.567013665405127;223;"6";0.724019866306409;71.1708474673796;"No specified Location";FALSE
425;"102";NA;230;"6";0.46569971183266;28.2816056689117;"No specified Location";FALSE
465;"9";1;230;"6";0.46569971183266;3.94086801877711;"No specified Location";FALSE
440;"9";0.666007687843215;230;"6";0.46569971183266;46.9428847002564;"No specified Location";FALSE
543;"9";0.564072656142617;230;"6";0.46569971183266;12.0677553822752;"No specified Location";FALSE
544;"8";NA;230;"6";0.46569971183266;0.00136348964588251;"No specified Location";FALSE
489;"105";NA;230;"6";0.46569971183266;2.83807497020462;"No specified Location";FALSE
518;"9";0.80577474521471;230;"6";0.46569971183266;9931.47242272831;"No specified Location";FALSE
477;"9";0.920165357842559;233;"6";0.257162252934841;29.4800377196871;"No specified Location";FALSE
500;"6";0.238084361499886;233;"6";0.257162252934841;0.573064914788119;"No specified Location";TRUE
562;"9";0.291669813158481;233;"6";0.257162252934841;11170.0646318938;"No specified Location";FALSE
592;"6";0.590610461121593;233;"6";0.257162252934841;406.785443298984;"No specified Location";TRUE
531;"9";0.567013665405127;233;"6";0.257162252934841;10095.4538395191;"No specified Location";FALSE
693;"102";NA;233;"6";0.257162252934841;12.468292344478;"No specified Location";FALSE
620;"8";NA;233;"6";0.257162252934841;21802.2051573735;"No specified Location";FALSE
453;"9";1;233;"6";0.257162252934841;145.663660436287;"No specified Location";FALSE
574;"9";0.81923609073883;233;"6";0.257162252934841;42.4761985511359;"No specified Location";FALSE
748;"6";0.213118522713949;233;"6";0.257162252934841;36.7404920099798;"No specified Location";TRUE
425;"102";NA;241;"6";0.258123622736349;5.59544185944833;"No specified Location";FALSE
440;"9";0.666007687843215;241;"6";0.258123622736349;74.4558303705417;"No specified Location";FALSE
580;"101";NA;241;"6";0.258123622736349;125.932271452359;"No specified Location";FALSE
582;"102";NA;241;"6";0.258123622736349;19.2693654180039;"No specified Location";FALSE
730;"105";NA;241;"6";0.258123622736349;170.750757690927;"No specified Location";FALSE
543;"9";0.564072656142617;241;"6";0.258123622736349;94980.5600705794;"No specified Location";FALSE
695;"6";0.665952915876931;241;"6";0.258123622736349;34.4899664848635;"No specified Location";TRUE
674;"6";1;241;"6";0.258123622736349;25.4441669962252;"No specified Location";TRUE
544;"8";NA;241;"6";0.258123622736349;15780.9771644264;"No specified Location";FALSE
518;"9";0.80577474521471;241;"6";0.258123622736349;69.5175753675376;"No specified Location";FALSE
541;"8";NA;241;"6";0.258123622736349;274.630914294103;"No specified Location";FALSE
418;"101";NA;253;"6";0.0606276060554452;0.366185192688135;"No specified Location";FALSE
558;"8";NA;253;"6";0.0606276060554452;2.3782594522927;"No specified Location";FALSE
444;"104";NA;253;"6";0.0606276060554452;76.0378035798567;"No specified Location";FALSE
589;"8";NA;253;"6";0.0606276060554452;36416.2994215386;"No specified Location";FALSE
587;"101";NA;253;"6";0.0606276060554452;291.573008880019;"No specified Location";FALSE
721;"105";NA;253;"6";0.0606276060554452;0.257513861841289;"No specified Location";FALSE
620;"8";NA;260;"6";0.722746863409091;50.1827649234328;"No specified Location";FALSE
638;"9";0.0978120980482985;260;"6";0.722746863409091;7422.60832357174;"No specified Location";FALSE
662;"9";1;260;"6";0.722746863409091;8.29042251386272;"No specified Location";FALSE
574;"9";0.81923609073883;260;"6";0.722746863409091;3.24454047996551;"No specified Location";FALSE
749;"102";NA;262;"9";1;919.094480962027;"No specified Location";FALSE
693;"102";NA;262;"9";1;5966.69326357916;"No specified Location";FALSE
620;"8";NA;262;"9";1;28.3749669723038;"No specified Location";FALSE
638;"9";0.0978120980482985;262;"9";1;68.4544391833547;"No specified Location";TRUE
662;"9";1;262;"9";1;2284.02607618982;"No specified Location";TRUE
574;"9";0.81923609073883;262;"9";1;0.0105502897495171;"No specified Location";TRUE
750;"6";0.865935720198607;262;"9";1;24.6452492508106;"No specified Location";FALSE
659;"105";NA;267;"6";0.629941844950683;40.7142816928681;"No specified Location";FALSE
652;"105";NA;267;"6";0.629941844950683;37.0052576449525;"No specified Location";FALSE
653;"6";0.242483851659319;267;"6";0.629941844950683;6556.64337421453;"No specified Location";TRUE
690;"105";NA;267;"6";0.629941844950683;332.21283293888;"No specified Location";FALSE
668;"6";0.301392971999253;267;"6";0.629941844950683;4637.12414781452;"No specified Location";TRUE
678;"105";NA;267;"6";0.629941844950683;160.378084092867;"No specified Location";FALSE
730;"105";NA;267;"6";0.629941844950683;110.197134466609;"No specified Location";FALSE
695;"6";0.665952915876931;267;"6";0.629941844950683;7043.25105125178;"No specified Location";TRUE
674;"6";1;267;"6";0.629941844950683;16.6750969461727;"No specified Location";TRUE
541;"8";NA;267;"6";0.629941844950683;40.4154393721838;"No specified Location";FALSE
548;"8";NA;267;"6";0.629941844950683;12.6023141395999;"No specified Location";FALSE
578;"8";NA;267;"6";0.629941844950683;2.46062193624675;"No specified Location";FALSE
690;"105";NA;272;"6";0.197460688003698;16.9551456538611;"No specified Location";FALSE
668;"6";0.301392971999253;272;"6";0.197460688003698;17.2507121693343;"No specified Location";TRUE
695;"6";0.665952915876931;272;"6";0.197460688003698;75.0219500530511;"No specified Location";TRUE
674;"6";1;272;"6";0.197460688003698;3980.61110798083;"No specified Location";TRUE
541;"8";NA;272;"6";0.197460688003698;11.4612361476757;"No specified Location";FALSE
589;"8";NA;277;"9";0.942603365174284;126.830809115898;"No specified Location";FALSE
587;"101";NA;277;"9";0.942603365174284;7.79551152116619;"No specified Location";FALSE
585;"102";NA;277;"9";0.942603365174284;12.7245024557924;"No specified Location";FALSE
721;"105";NA;277;"9";0.942603365174284;1630.98027055617;"No specified Location";FALSE
724;"9";0.76939248388338;277;"9";0.942603365174284;23401.4071311988;"No specified Location";TRUE
740;"105";NA;277;"9";0.942603365174284;1311.60072725825;"No specified Location";FALSE
777;"3";0.484218592160539;277;"9";0.942603365174284;15.243108982686;"No specified Location";FALSE
766;"6";0.588184586148547;277;"9";0.942603365174284;42.530159920454;"No specified Location";FALSE
620;"8";NA;284;"6";0.196967570202272;13.8499724762514;"No specified Location";FALSE
453;"9";1;284;"6";0.196967570202272;41.6033212777693;"No specified Location";FALSE
750;"6";0.865935720198607;284;"6";0.196967570202272;148.151175959196;"No specified Location";TRUE
808;"6";0.154323144578332;284;"6";0.196967570202272;12.231504450825;"No specified Location";TRUE
855;"6";0.231417520382137;284;"6";0.196967570202272;0.0507844693020161;"No specified Location";TRUE
838;"3";0.06793028881648;284;"6";0.196967570202272;32.0203056260943;"No specified Location";FALSE
748;"6";0.213118522713949;284;"6";0.196967570202272;11620.4788112709;"No specified Location";TRUE
749;"102";NA;285;"6";0.819238125740683;73.9661882396322;"No specified Location";FALSE
693;"102";NA;285;"6";0.819238125740683;1.50907240482047;"No specified Location";FALSE
620;"8";NA;285;"6";0.819238125740683;3.84438471088652;"No specified Location";FALSE
750;"6";0.865935720198607;285;"6";0.819238125740683;28523.4574591676;"No specified Location";TRUE
808;"6";0.154323144578332;285;"6";0.819238125740683;74.4802799470126;"No specified Location";TRUE
778;"6";0.679941193855847;285;"6";0.819238125740683;153.899702630355;"No specified Location";TRUE
748;"6";0.213118522713949;285;"6";0.819238125740683;2.52708714798791;"No specified Location";TRUE
750;"6";0.865935720198607;290;"6";0.786257510733075;9.65027521381853;"No specified Location";TRUE
778;"6";0.679941193855847;290;"6";0.786257510733075;8522.59180198982;"No specified Location";TRUE
789;"2";0.770969802528575;292;"2";0.0874836010951696;27.9540773554472;"No specified Location";TRUE
774;"3";0.103621330209316;292;"2";0.0874836010951696;15.5425526187464;"No specified Location";FALSE
760;"3";0.0804379293873165;292;"2";0.0874836010951696;6853.54029371403;"No specified Location";FALSE
781;"3";0.614266038483175;292;"2";0.0874836010951696;56.9483526573968;"No specified Location";FALSE
793;"3";0.357225286031896;292;"2";0.0874836010951696;1028.01591303654;"No specified Location";FALSE
815;"2";0.661943608313663;292;"2";0.0874836010951696;1.55030673841247;"No specified Location";TRUE
648;"102";NA;292;"2";0.0874836010951696;65.138764668256;"No specified Location";FALSE
759;"6";0.724080160697966;292;"2";0.0874836010951696;20.383351116674;"No specified Location";FALSE
585;"102";NA;293;"2";0.69980631921934;22.4769189367071;"No specified Location";FALSE
724;"9";0.76939248388338;293;"2";0.69980631921934;34.4299473376886;"No specified Location";FALSE
795;"3";0.112250552401753;293;"2";0.69980631921934;2.595648471608;"No specified Location";FALSE
777;"3";0.484218592160539;293;"2";0.69980631921934;45.9425063391682;"No specified Location";FALSE
766;"6";0.588184586148547;293;"2";0.69980631921934;5843.01324642263;"No specified Location";FALSE
784;"3";0.439755416722961;293;"2";0.69980631921934;5.62311712853261;"No specified Location";FALSE
779;"105";NA;293;"2";0.69980631921934;13.7913423608989;"No specified Location";FALSE
724;"9";0.76939248388338;295;"2";0.50956550334667;50.0735570113175;"No specified Location";FALSE
777;"3";0.484218592160539;295;"2";0.50956550334667;7303.74533751234;"No specified Location";FALSE
789;"2";0.770969802528575;297;"2";0.973734660924762;2159.95522864349;"No specified Location";TRUE
774;"3";0.103621330209316;297;"2";0.973734660924762;4046.19614723377;"No specified Location";FALSE
648;"102";NA;297;"2";0.973734660924762;67.6132196476683;"No specified Location";FALSE
795;"3";0.112250552401753;302;"2";0.640583850022921;6.7371230427234;"No specified Location";FALSE
766;"6";0.588184586148547;302;"2";0.640583850022921;22.1202990929596;"No specified Location";FALSE
784;"3";0.439755416722961;302;"2";0.640583850022921;6465.33784891013;"No specified Location";FALSE
844;"3";0.487496805806359;302;"2";0.640583850022921;1.49092460419047;"No specified Location";FALSE
834;"3";0.268302499094678;302;"2";0.640583850022921;15.0253921952099;"No specified Location";FALSE
841;"2";0.551379264729076;302;"2";0.640583850022921;40.898818351503;"No specified Location";TRUE
775;"105";NA;302;"2";0.640583850022921;20.7920011049137;"No specified Location";FALSE
779;"105";NA;302;"2";0.640583850022921;37.4795709564351;"No specified Location";FALSE
776;"105";NA;303;"2";0.47658078622398;7.72771296417341;"No specified Location";FALSE
782;"2";0.514309522953129;303;"2";0.47658078622398;1628.72474455996;"No specified Location";TRUE
774;"3";0.103621330209316;303;"2";0.47658078622398;45.636523548048;"No specified Location";FALSE
648;"102";NA;303;"2";0.47658078622398;7.23902807128616;"No specified Location";FALSE
760;"3";0.0804379293873165;304;"2";0.272522341857065;11.5319645527343;"No specified Location";FALSE
781;"3";0.614266038483175;304;"2";0.272522341857065;2315.11891083606;"No specified Location";FALSE
793;"3";0.357225286031896;304;"2";0.272522341857065;0.396618513826979;"No specified Location";FALSE
815;"2";0.661943608313663;304;"2";0.272522341857065;0.41643619153183;"No specified Location";TRUE
791;"3";0.0385306775516107;304;"2";0.272522341857065;7.18268446967704;"No specified Location";FALSE
759;"6";0.724080160697966;304;"2";0.272522341857065;15.8797494281171;"No specified Location";FALSE
750;"6";0.865935720198607;305;"6";0.241879873675539;0.0575888496532571;"No specified Location";TRUE
808;"6";0.154323144578332;305;"6";0.241879873675539;2506.39323799592;"No specified Location";TRUE
855;"6";0.231417520382137;305;"6";0.241879873675539;16.5790743408725;"No specified Location";TRUE
795;"3";0.112250552401753;306;"2";0.977652034419948;5298.66495006112;"No specified Location";FALSE
777;"3";0.484218592160539;306;"2";0.977652034419948;110.065738738514;"No specified Location";FALSE
766;"6";0.588184586148547;306;"2";0.977652034419948;4.26280817230145;"No specified Location";FALSE
784;"3";0.439755416722961;306;"2";0.977652034419948;15.0248685285915;"No specified Location";FALSE
781;"3";0.614266038483175;307;"2";0.790490657612173;31.5016243206337;"No specified Location";FALSE
815;"2";0.661943608313663;307;"2";0.790490657612173;320.801008756272;"No specified Location";TRUE
804;"2";0.870572729387367;307;"2";0.790490657612173;503.57533377246;"No specified Location";TRUE
791;"3";0.0385306775516107;307;"2";0.790490657612173;880.548535909038;"No specified Location";FALSE
759;"6";0.724080160697966;307;"2";0.790490657612173;1.44755760022963;"No specified Location";FALSE
855;"6";0.231417520382137;309;"2";0.566029849888955;2.93636279529892;"No specified Location";FALSE
838;"3";0.06793028881648;309;"2";0.566029849888955;1518.10197396018;"No specified Location";FALSE
748;"6";0.213118522713949;309;"2";0.566029849888955;9.9508924568072;"No specified Location";FALSE
444;"104";NA;311;"5";0.247161096850861;77.787183291468;"No specified Location";FALSE
832;"105";NA;311;"5";0.247161096850861;790.928999911994;"No specified Location";FALSE
848;"2";0.32348453572655;311;"5";0.247161096850861;1.91538572534046;"No specified Location";FALSE
850;"2";0.572496835848959;311;"5";0.247161096850861;157.229409628548;"No specified Location";FALSE
795;"3";0.112250552401753;311;"5";0.247161096850861;25.4200519472361;"No specified Location";FALSE
777;"3";0.484218592160539;311;"5";0.247161096850861;0.865248769172467;"No specified Location";FALSE
808;"6";0.154323144578332;313;"6";0.517300086049073;16.4208301343024;"No specified Location";TRUE
855;"6";0.231417520382137;313;"6";0.517300086049073;454.143962945731;"No specified Location";TRUE
444;"104";NA;314;"2";0.434725045652968;27.7800081715686;"No specified Location";FALSE
832;"105";NA;314;"2";0.434725045652968;0.392875398567412;"No specified Location";FALSE
848;"2";0.32348453572655;314;"2";0.434725045652968;267.981432821252;"No specified Location";TRUE
784;"3";0.439755416722961;316;"2";0.780840215585239;55.708177561406;"No specified Location";FALSE
834;"3";0.268302499094678;316;"2";0.780840215585239;173.474041785114;"No specified Location";FALSE
841;"2";0.551379264729076;316;"2";0.780840215585239;0.586818697949639;"No specified Location";TRUE
841;"2";0.551379264729076;320;"2";0.974168440201033;3.62451165122911;"No specified Location";TRUE
774;"3";0.103621330209316;124;"8";NA;32.03340406809;"No specified Location";FALSE
760;"3";0.0804379293873165;124;"8";NA;16.8254422964528;"No specified Location";FALSE
791;"3";0.0385306775516107;124;"8";NA;20.433942551259;"No specified Location";FALSE
680;"8";NA;124;"8";NA;23157.41626686;"No specified Location";TRUE
689;"101";NA;124;"8";NA;343.33684411319;"No specified Location";FALSE
659;"105";NA;124;"8";NA;67.3649674610933;"No specified Location";FALSE
647;"105";NA;124;"8";NA;44.2543839854188;"No specified Location";FALSE
652;"105";NA;124;"8";NA;53.5844360284973;"No specified Location";FALSE
653;"6";0.242483851659319;124;"8";NA;17.4800230141263;"No specified Location";FALSE
743;"105";NA;124;"8";NA;774.049170264741;"No specified Location";FALSE
744;"8";0.940209137927258;124;"8";NA;3047.70116758253;"No specified Location";TRUE
648;"102";NA;124;"8";NA;8307.10260991558;"No specified Location";FALSE
751;"9";1;124;"8";NA;8044.85162153002;"No specified Location";FALSE
759;"6";0.724080160697966;124;"8";NA;4841.27878351486;"No specified Location";FALSE
678;"105";NA;124;"8";NA;3800.26849143161;"No specified Location";FALSE
730;"105";NA;124;"8";NA;2.99119467747505;"No specified Location";FALSE
761;"105";NA;124;"8";NA;7.15212680306286;"No specified Location";FALSE
543;"9";0.564072656142617;124;"8";NA;107.850643240206;"No specified Location";FALSE
578;"8";NA;124;"8";NA;1495.6993414039;"No specified Location";TRUE
349;"104";NA;124;"8";NA;4915.22615123726;"No specified Location";FALSE
194;"107";NA;124;"8";NA;1588.27586017485;"No specified Location";FALSE
307;"102";NA;135;"8";NA;286.66642598249;"No specified Location";FALSE
312;"8";NA;135;"8";NA;22529.123925317;"No specified Location";TRUE
361;"9";0.850520099826412;135;"8";NA;2887.02026711917;"No specified Location";FALSE
339;"102";NA;135;"8";NA;986.584044916439;"No specified Location";FALSE
424;"9";1;135;"8";NA;32.4063871363178;"No specified Location";FALSE
418;"101";NA;135;"8";NA;1.28602513414808;"No specified Location";FALSE
444;"104";NA;135;"8";NA;6.29493100438776;"No specified Location";FALSE
425;"102";NA;242;"8";NA;94.9746786523538;"No specified Location";FALSE
653;"6";0.242483851659319;242;"8";NA;18.404882801231;"No specified Location";FALSE
543;"9";0.564072656142617;242;"8";NA;86.106583639048;"No specified Location";FALSE
674;"6";1;242;"8";NA;39.0933252831455;"No specified Location";FALSE
541;"8";NA;242;"8";NA;74106.1651897458;"No specified Location";TRUE
548;"8";NA;242;"8";NA;55.8281658398919;"No specified Location";TRUE
647;"105";NA;246;"8";NA;25.0583303696912;"No specified Location";FALSE
652;"105";NA;246;"8";NA;41.639500655001;"No specified Location";FALSE
653;"6";0.242483851659319;246;"8";NA;6.02309554291423;"No specified Location";FALSE
541;"8";NA;246;"8";NA;17.774040607037;"No specified Location";TRUE
548;"8";NA;246;"8";NA;15245.1492067673;"No specified Location";TRUE
578;"8";NA;246;"8";NA;0.0292539934598608;"No specified Location";TRUE
60;"102";NA;39;"104";NA;1587.46013363068;"No specified Location";FALSE
32;"104";NA;39;"104";NA;86713.3078107227;"No specified Location";TRUE
221;"102";NA;39;"104";NA;0.0819156741927145;"No specified Location";FALSE
301;"101";NA;39;"104";NA;372.753023643774;"No specified Location";FALSE
60;"102";NA;45;"104";NA;79553.063740573;"No specified Location";FALSE
32;"104";NA;45;"104";NA;12840.6087085239;"No specified Location";TRUE
301;"101";NA;45;"104";NA;16.5189590165974;"No specified Location";FALSE
168;"104";NA;46;"104";NA;109.256665511522;"No specified Location";TRUE
397;"9";1;46;"104";NA;30.8799797422253;"No specified Location";FALSE
411;"105";NA;46;"104";NA;0.958469805344066;"No specified Location";FALSE
403;"105";NA;46;"104";NA;2.80918354977621;"No specified Location";FALSE
337;"104";NA;46;"104";NA;0.0339450522587867;"No specified Location";TRUE
260;"104";NA;46;"104";NA;0.0855025608325377;"No specified Location";TRUE
315;"104";NA;46;"104";NA;16.4079942048993;"No specified Location";TRUE
313;"105";NA;46;"104";NA;5.55923884699587;"No specified Location";FALSE
305;"101";NA;46;"104";NA;4.11954119894654;"No specified Location";FALSE
298;"105";NA;46;"104";NA;8.8384889853769;"No specified Location";FALSE
276;"101";NA;46;"104";NA;301.777883265167;"No specified Location";FALSE
299;"104";NA;46;"104";NA;76.5159657656041;"No specified Location";TRUE
290;"101";NA;46;"104";NA;186.066716962901;"No specified Location";FALSE
282;"105";NA;46;"104";NA;85.0603757416829;"No specified Location";FALSE
287;"107";NA;46;"104";NA;8.7395518925332;"No specified Location";FALSE
286;"102";NA;46;"104";NA;8082.06349018682;"No specified Location";FALSE
320;"102";NA;46;"104";NA;844.77028831502;"No specified Location";FALSE
323;"107";NA;46;"104";NA;198.96164572757;"No specified Location";FALSE
32;"104";NA;47;"104";NA;89035.9910494788;"No specified Location";TRUE
172;"107";NA;73;"104";NA;14.640743597527;"No specified Location";FALSE
110;"107";NA;73;"104";NA;0.250779319743742;"No specified Location";FALSE
60;"102";NA;73;"104";NA;3343.32393635338;"No specified Location";FALSE
105;"107";NA;73;"104";NA;20845.5324297561;"No specified Location";FALSE
209;"104";NA;73;"104";NA;26.7909586657915;"No specified Location";TRUE
110;"107";NA;74;"107";NA;53.2533310048748;"No specified Location";TRUE
105;"107";NA;74;"107";NA;353.340931777202;"No specified Location";TRUE
172;"107";NA;86;"107";NA;20.1634190117475;"No specified Location";TRUE
60;"102";NA;86;"107";NA;5.32599024474621;"No specified Location";FALSE
209;"104";NA;86;"107";NA;3.79653899965342;"No specified Location";FALSE
32;"104";NA;107;"102";NA;414.762595363016;"No specified Location";FALSE
268;"105";NA;107;"102";NA;3467.50368227717;"No specified Location";FALSE
227;"104";NA;107;"102";NA;16355.6122075645;"No specified Location";FALSE
277;"105";NA;107;"102";NA;3001.74377917493;"No specified Location";FALSE
279;"105";NA;107;"102";NA;1907.31588867772;"No specified Location";FALSE
221;"102";NA;107;"102";NA;22482.1713881828;"No specified Location";TRUE
338;"102";NA;107;"102";NA;83.7561739461526;"No specified Location";TRUE
344;"104";NA;107;"102";NA;37.9943486806005;"No specified Location";FALSE
314;"105";NA;107;"102";NA;1062.21360279992;"No specified Location";FALSE
337;"104";NA;107;"102";NA;159.723880278878;"No specified Location";FALSE
168;"104";NA;109;"101";NA;113.801795948879;"No specified Location";FALSE
60;"102";NA;109;"101";NA;17279.0368548008;"No specified Location";FALSE
32;"104";NA;109;"101";NA;188.803555625142;"No specified Location";FALSE
316;"101";NA;109;"101";NA;66.2746845232905;"No specified Location";TRUE
301;"101";NA;109;"101";NA;311.436752417008;"No specified Location";TRUE
321;"105";NA;109;"101";NA;15.7461328973322;"No specified Location";FALSE
291;"101";NA;109;"101";NA;76.1158522032201;"No specified Location";TRUE
260;"104";NA;109;"101";NA;449.378269048815;"No specified Location";FALSE
273;"105";NA;109;"101";NA;16.091997902724;"No specified Location";FALSE
276;"101";NA;109;"101";NA;200.805171821405;"No specified Location";TRUE
274;"104";NA;109;"101";NA;1.23273811276886;"No specified Location";FALSE
271;"105";NA;109;"101";NA;6.00627933104988;"No specified Location";FALSE
286;"102";NA;109;"101";NA;0.130991078360239;"No specified Location";FALSE
60;"102";NA;114;"104";NA;889.499172577402;"No specified Location";FALSE
260;"104";NA;114;"104";NA;3685.49524532235;"No specified Location";TRUE
263;"101";NA;114;"104";NA;23.9663244916592;"No specified Location";FALSE
273;"105";NA;114;"104";NA;126.379264529172;"No specified Location";FALSE
298;"105";NA;114;"104";NA;0.00238069401257235;"No specified Location";FALSE
276;"101";NA;114;"104";NA;0.2225584060252;"No specified Location";FALSE
286;"102";NA;114;"104";NA;74.8947541690432;"No specified Location";FALSE
168;"104";NA;118;"101";NA;77.4251442319946;"No specified Location";FALSE
276;"101";NA;118;"101";NA;314.889173365766;"No specified Location";TRUE
411;"105";NA;120;"107";NA;0.134802112355828;"No specified Location";FALSE
299;"104";NA;120;"107";NA;102.943354718853;"No specified Location";FALSE
287;"107";NA;120;"107";NA;939.703511932865;"No specified Location";TRUE
307;"102";NA;120;"107";NA;126.279780638561;"No specified Location";FALSE
286;"102";NA;120;"107";NA;0.00224353143130429;"No specified Location";FALSE
320;"102";NA;120;"107";NA;104.398929229006;"No specified Location";FALSE
323;"107";NA;120;"107";NA;4636.58482907386;"No specified Location";TRUE
339;"102";NA;120;"107";NA;2.65716958011035;"No specified Location";FALSE
412;"107";NA;120;"107";NA;3.92805202891032;"No specified Location";TRUE
60;"102";NA;130;"101";NA;42.1599814750334;"No specified Location";FALSE
316;"101";NA;130;"101";NA;47.8233585235575;"No specified Location";TRUE
324;"105";NA;130;"101";NA;2.34127123331564;"No specified Location";FALSE
291;"101";NA;130;"101";NA;1400.08063069877;"No specified Location";TRUE
260;"104";NA;130;"101";NA;2.68026471231133;"No specified Location";FALSE
286;"102";NA;130;"101";NA;1138.40687485589;"No specified Location";FALSE
307;"102";NA;131;"105";NA;157.71089558641;"No specified Location";FALSE
361;"9";0.850520099826412;131;"105";NA;194.496944691986;"No specified Location";FALSE
323;"107";NA;131;"105";NA;295.927031678613;"No specified Location";FALSE
339;"102";NA;131;"105";NA;1404.52102284506;"No specified Location";FALSE
412;"107";NA;131;"105";NA;0.243360982974991;"No specified Location";FALSE
417;"101";NA;131;"105";NA;0.8453752891146;"No specified Location";FALSE
418;"101";NA;131;"105";NA;0.316103473032854;"No specified Location";FALSE
317;"102";NA;136;"104";NA;195.447526616597;"No specified Location";FALSE
312;"8";NA;136;"104";NA;160.224336672574;"No specified Location";FALSE
334;"101";NA;139;"104";NA;15.9501388361095;"No specified Location";FALSE
337;"104";NA;139;"104";NA;10.9896787988837;"No specified Location";TRUE
291;"101";NA;139;"104";NA;45.9977826646063;"No specified Location";FALSE
286;"102";NA;139;"104";NA;25185.0035032023;"No specified Location";FALSE
32;"104";NA;143;"101";NA;64.4606475229375;"No specified Location";FALSE
316;"101";NA;143;"101";NA;0.77611218416132;"No specified Location";TRUE
301;"101";NA;143;"101";NA;305.098913297523;"No specified Location";TRUE
316;"101";NA;144;"101";NA;648.388290618081;"No specified Location";TRUE
321;"105";NA;144;"101";NA;6.79702938819537;"No specified Location";FALSE
335;"105";NA;147;"104";NA;304.867161901086;"No specified Location";FALSE
340;"104";NA;147;"104";NA;0.0133153371280059;"No specified Location";TRUE
316;"101";NA;147;"104";NA;483.775643377652;"No specified Location";FALSE
337;"104";NA;147;"104";NA;3.79591187904589;"No specified Location";TRUE
316;"101";NA;149;"101";NA;14.7045670631342;"No specified Location";TRUE
328;"101";NA;149;"101";NA;51.4922035939526;"No specified Location";TRUE
301;"101";NA;149;"101";NA;0.468948842433747;"No specified Location";TRUE
316;"101";NA;151;"101";NA;29.9103321770672;"No specified Location";TRUE
328;"101";NA;151;"101";NA;34.6227393276058;"No specified Location";TRUE
221;"102";NA;153;"104";NA;27.7044774889109;"No specified Location";FALSE
392;"105";NA;153;"104";NA;35.7899764946778;"No specified Location";FALSE
344;"104";NA;153;"104";NA;3.28394230414415;"No specified Location";TRUE
328;"101";NA;153;"104";NA;1928.83700631862;"No specified Location";FALSE
337;"104";NA;153;"104";NA;39112.4308276016;"No specified Location";TRUE
301;"101";NA;153;"104";NA;6.84624674904626;"No specified Location";FALSE
337;"104";NA;160;"105";NA;193.75303049013;"No specified Location";FALSE
227;"104";NA;161;"104";NA;27.5347243556753;"No specified Location";TRUE
221;"102";NA;161;"104";NA;30.2438244918594;"No specified Location";FALSE
425;"102";NA;161;"104";NA;4.17284766444936;"No specified Location";FALSE
338;"102";NA;161;"104";NA;14316.8013752536;"No specified Location";FALSE
392;"105";NA;161;"104";NA;66.5127879997017;"No specified Location";FALSE
344;"104";NA;161;"104";NA;3190.54687263397;"No specified Location";TRUE
402;"105";NA;161;"104";NA;121.537533495168;"No specified Location";FALSE
413;"105";NA;161;"104";NA;123.37996888347;"No specified Location";FALSE
337;"104";NA;161;"104";NA;1.53399659894058;"No specified Location";TRUE
338;"102";NA;166;"104";NA;36.186229793122;"No specified Location";FALSE
392;"105";NA;166;"104";NA;65.2761626871652;"No specified Location";FALSE
344;"104";NA;166;"104";NA;12812.2270435462;"No specified Location";TRUE
337;"104";NA;166;"104";NA;106.934562972165;"No specified Location";TRUE
317;"102";NA;174;"104";NA;293.421077000792;"No specified Location";FALSE
312;"8";NA;174;"104";NA;28.1655815513805;"No specified Location";FALSE
444;"104";NA;174;"104";NA;0.0794056715531042;"No specified Location";TRUE
453;"9";1;174;"104";NA;0.772880249893205;"No specified Location";FALSE
392;"105";NA;188;"105";NA;57.866253760003;"No specified Location";TRUE
396;"9";1;188;"105";NA;41.3794306655145;"No specified Location";FALSE
400;"105";NA;188;"105";NA;41.2504181977129;"No specified Location";TRUE
405;"105";NA;188;"105";NA;145.329891331261;"No specified Location";TRUE
402;"105";NA;188;"105";NA;91.1512624460738;"No specified Location";TRUE
394;"9";1;188;"105";NA;157.555027339964;"No specified Location";FALSE
337;"104";NA;188;"105";NA;1761.78880865918;"No specified Location";FALSE
286;"102";NA;188;"105";NA;7.64533163164742;"No specified Location";FALSE
442;"101";NA;200;"107";NA;121.716628015158;"No specified Location";FALSE
411;"105";NA;200;"107";NA;6.68898960179649;"No specified Location";FALSE
412;"107";NA;200;"107";NA;6297.30785964796;"No specified Location";TRUE
417;"101";NA;200;"107";NA;48.2849055519328;"No specified Location";FALSE
559;"101";NA;200;"107";NA;29.4138209933881;"No specified Location";FALSE
547;"107";NA;200;"107";NA;2.2462748317048;"No specified Location";TRUE
496;"101";NA;200;"107";NA;81.3228077249369;"No specified Location";FALSE
583;"107";NA;200;"107";NA;0.744324028026313;"No specified Location";TRUE
412;"107";NA;202;"105";NA;185.393815327552;"No specified Location";FALSE
417;"101";NA;202;"105";NA;1818.22425125819;"No specified Location";FALSE
418;"101";NA;202;"105";NA;294.194099433953;"No specified Location";FALSE
424;"9";1;205;"105";NA;49.3548955768347;"No specified Location";FALSE
417;"101";NA;205;"105";NA;90.6798501505982;"No specified Location";FALSE
418;"101";NA;205;"105";NA;4836.38154852111;"No specified Location";FALSE
483;"9";1;205;"105";NA;40.4860327641945;"No specified Location";FALSE
402;"105";NA;208;"105";NA;432.960625493492;"No specified Location";TRUE
444;"104";NA;209;"104";NA;808.330420991406;"No specified Location";TRUE
425;"102";NA;213;"105";NA;59.1636531781987;"No specified Location";FALSE
396;"9";1;213;"105";NA;9.44103375996929;"No specified Location";FALSE
400;"105";NA;213;"105";NA;8.42458051251015;"No specified Location";TRUE
402;"105";NA;213;"105";NA;50.304958516499;"No specified Location";TRUE
430;"105";NA;213;"105";NA;208.097880544025;"No specified Location";TRUE
425;"102";NA;217;"104";NA;2370.95040699677;"No specified Location";FALSE
444;"104";NA;234;"105";NA;4376.64366026712;"No specified Location";FALSE
537;"104";NA;234;"105";NA;146.329768842988;"No specified Location";FALSE
425;"102";NA;238;"104";NA;221.598381820135;"No specified Location";FALSE
444;"104";NA;240;"105";NA;71.9281347483629;"No specified Location";FALSE
537;"104";NA;240;"105";NA;2281.81085421483;"No specified Location";FALSE
418;"101";NA;243;"105";NA;64.4715866290499;"No specified Location";FALSE
483;"9";1;243;"105";NA;77.1970967988018;"No specified Location";FALSE
558;"8";NA;243;"105";NA;6073.91036246158;"No specified Location";FALSE
444;"104";NA;243;"105";NA;12.2730604271765;"No specified Location";FALSE
589;"8";NA;243;"105";NA;107.056195687968;"No specified Location";FALSE
444;"104";NA;245;"105";NA;2060.77309449343;"No specified Location";FALSE
580;"101";NA;249;"105";NA;5995.30904497765;"No specified Location";FALSE
582;"102";NA;249;"105";NA;2053.12380981687;"No specified Location";FALSE
583;"107";NA;249;"105";NA;59.9281381210312;"No specified Location";FALSE
761;"105";NA;249;"105";NA;0.102766431344207;"No specified Location";TRUE
543;"9";0.564072656142617;249;"105";NA;50.7266471425537;"No specified Location";FALSE
412;"107";NA;250;"107";NA;1.4453587308526;"No specified Location";TRUE
582;"102";NA;250;"107";NA;437.336665837676;"No specified Location";FALSE
585;"102";NA;250;"107";NA;61.6198163479567;"No specified Location";FALSE
583;"107";NA;250;"107";NA;5424.46075953636;"No specified Location";TRUE
412;"107";NA;251;"105";NA;0.159879092418123;"No specified Location";FALSE
417;"101";NA;251;"105";NA;1.97753820820071;"No specified Location";FALSE
418;"101";NA;251;"105";NA;0.0659556690879981;"No specified Location";FALSE
587;"101";NA;251;"105";NA;111.664739192074;"No specified Location";FALSE
585;"102";NA;251;"105";NA;3096.84192040446;"No specified Location";FALSE
583;"107";NA;251;"105";NA;236.782519054977;"No specified Location";FALSE
724;"9";0.76939248388338;251;"105";NA;1.00731107449974;"No specified Location";FALSE
766;"6";0.588184586148547;251;"105";NA;7.09938287572004;"No specified Location";FALSE
418;"101";NA;252;"105";NA;12.311261432711;"No specified Location";FALSE
589;"8";NA;252;"105";NA;61.3366907068412;"No specified Location";FALSE
587;"101";NA;252;"105";NA;6154.74556343583;"No specified Location";FALSE
585;"102";NA;252;"105";NA;88.9549557178834;"No specified Location";FALSE
721;"105";NA;252;"105";NA;5.26209709703107;"No specified Location";TRUE
724;"9";0.76939248388338;252;"105";NA;77.7360735447146;"No specified Location";FALSE
648;"102";NA;263;"107";NA;180.928967000276;"No specified Location";FALSE
349;"104";NA;263;"107";NA;0.194744879729114;"No specified Location";FALSE
194;"107";NA;263;"107";NA;4519.30182062485;"No specified Location";TRUE
680;"8";NA;271;"104";NA;104.625961274374;"No specified Location";FALSE
648;"102";NA;271;"104";NA;2073.36469026748;"No specified Location";FALSE
751;"9";1;271;"104";NA;4.82121625673608;"No specified Location";FALSE
759;"6";0.724080160697966;271;"104";NA;4.92967727640644;"No specified Location";FALSE
194;"107";NA;271;"104";NA;292.603131736862;"No specified Location";FALSE
648;"102";NA;276;"107";NA;7.68393977277447;"No specified Location";FALSE
349;"104";NA;276;"107";NA;6.13751058321213;"No specified Location";FALSE
194;"107";NA;276;"107";NA;19284.3981031845;"No specified Location";TRUE
582;"102";NA;278;"107";NA;384.068558258936;"No specified Location";FALSE
585;"102";NA;278;"107";NA;64.969844824449;"No specified Location";FALSE
583;"107";NA;278;"107";NA;2746.20235645864;"No specified Location";TRUE
582;"102";NA;294;"107";NA;2.01547923180624;"No specified Location";FALSE
583;"107";NA;294;"107";NA;8.31084325234406;"No specified Location";TRUE
775;"105";NA;294;"107";NA;41.3249508375302;"No specified Location";FALSE
770;"107";NA;294;"107";NA;2789.81533150282;"No specified Location";TRUE
776;"105";NA;294;"107";NA;21.0838503302385;"No specified Location";FALSE
761;"105";NA;294;"107";NA;15.7934089298797;"No specified Location";FALSE
585;"102";NA;296;"105";NA;0.418027148320107;"No specified Location";FALSE
766;"6";0.588184586148547;296;"105";NA;1.74894715938717;"No specified Location";FALSE
775;"105";NA;296;"105";NA;19.20557683683;"No specified Location";TRUE
779;"105";NA;296;"105";NA;297.26619585976;"No specified Location";TRUE
776;"105";NA;298;"105";NA;69.8812509961426;"No specified Location";TRUE
782;"2";0.514309522953129;298;"105";NA;48.8521158748772;"No specified Location";FALSE
648;"102";NA;298;"105";NA;15.1429946250282;"No specified Location";FALSE
444;"104";NA;317;"105";NA;1.08473259949824;"No specified Location";FALSE
848;"2";0.32348453572655;317;"105";NA;6.61037150281481;"No specified Location";FALSE
444;"104";NA;318;"105";NA;1.11271806893637;"No specified Location";FALSE
537;"104";NA;318;"105";NA;3.04822806839366;"No specified Location";FALSE
856;"105";NA;318;"105";NA;17.5189200803616;"No specified Location";TRUE
848;"2";0.32348453572655;318;"105";NA;11.3017857871773;"No specified Location";FALSE
32;"104";NA;27;"104";NA;179155.65929557;"No specified Location";TRUE
221;"102";NA;27;"104";NA;2990.29521063108;"No specified Location";FALSE
314;"105";NA;27;"104";NA;23.5779655925871;"No specified Location";FALSE
328;"101";NA;27;"104";NA;24.1980713748817;"No specified Location";FALSE
337;"104";NA;27;"104";NA;11.377556465115;"No specified Location";TRUE
301;"101";NA;27;"104";NA;12.8130422742106;"No specified Location";FALSE
465;"9";1;224;"105";NA;16.920237967799;"No specified Location";FALSE
440;"9";0.666007687843215;224;"105";NA;77.4499183938606;"No specified Location";FALSE
489;"105";NA;224;"105";NA;4942.12846117979;"No specified Location";TRUE
518;"9";0.80577474521471;224;"105";NA;2.59707842109492;"No specified Location";FALSE
582;"102";NA;291;"105";NA;12.60635337024;"No specified Location";FALSE
585;"102";NA;291;"105";NA;3.46470036031678;"No specified Location";FALSE
583;"107";NA;291;"105";NA;0.353005776498321;"No specified Location";FALSE
784;"3";0.439755416722961;291;"105";NA;15.1264575167152;"No specified Location";FALSE
834;"3";0.268302499094678;291;"105";NA;3.11945341352839;"No specified Location";FALSE
833;"105";NA;291;"105";NA;20.1442472380586;"No specified Location";TRUE
775;"105";NA;291;"105";NA;1475.24785436364;"No specified Location";TRUE
770;"107";NA;291;"105";NA;82.9613106721611;"No specified Location";FALSE
776;"105";NA;291;"105";NA;989.359441017441;"No specified Location";TRUE
782;"2";0.514309522953129;291;"105";NA;9.19001534908057;"No specified Location";FALSE
648;"102";NA;291;"105";NA;10.5150561115152;"No specified Location";FALSE
761;"105";NA;291;"105";NA;807.778994217515;"No specified Location";TRUE
543;"9";0.564072656142617;291;"105";NA;13.986289931956;"No specified Location";FALSE
349;"104";NA;291;"105";NA;4.13602083688602;"No specified Location";FALSE
194;"107";NA;291;"105";NA;2.0858551886995;"No specified Location";FALSE
543;"9";0.564072656142617;248;"104";NA;18912.5500512321;"No specified Location";FALSE
594;"105";NA;248;"104";NA;1505.72267279231;"No specified Location";FALSE
537;"104";NA;319;"105";NA;0.78742099115334;"No specified Location";FALSE
453;"9";1;319;"105";NA;22.2346098356829;"No specified Location";FALSE
857;"105";NA;319;"105";NA;80.6264679494197;"No specified Location";TRUE
856;"105";NA;319;"105";NA;5.89148876260879;"No specified Location";TRUE
804;"2";0.870572729387367;312;"105";NA;0.000367593114333431;"No specified Location";FALSE
791;"3";0.0385306775516107;312;"105";NA;42.8529511315796;"No specified Location";FALSE
648;"102";NA;312;"105";NA;389.209907694254;"No specified Location";FALSE
759;"6";0.724080160697966;312;"105";NA;9.03877863081289;"No specified Location";FALSE
194;"107";NA;312;"105";NA;55.6292005579453;"No specified Location";FALSE
749;"102";NA;275;"104";NA;2117.55644589942;"No specified Location";FALSE
693;"102";NA;275;"104";NA;6497.2537566293;"No specified Location";FALSE
727;"102";NA;275;"104";NA;2982.40051777102;"No specified Location";FALSE
662;"9";1;275;"104";NA;275.573225722881;"No specified Location";FALSE
718;"105";NA;275;"104";NA;283.949079789221;"No specified Location";FALSE
723;"102";NA;275;"104";NA;4061.90896680066;"No specified Location";FALSE
745;"105";NA;275;"104";NA;138.342100093141;"No specified Location";FALSE
317;"102";NA;137;"105";NA;8087.61461239867;"No specified Location";FALSE
441;"9";1;137;"105";NA;16.5918649841897;"No specified Location";FALSE
453;"9";1;137;"105";NA;8.43579070363194;"No specified Location";FALSE
425;"102";NA;212;"104";NA;33563.8753937366;"No specified Location";FALSE
344;"104";NA;212;"104";NA;2.67816018825397;"No specified Location";TRUE
402;"105";NA;212;"104";NA;25.2199890172342;"No specified Location";FALSE
413;"105";NA;212;"104";NA;75.6735825046489;"No specified Location";FALSE
430;"105";NA;212;"104";NA;8.9630010924302;"No specified Location";FALSE
518;"9";0.80577474521471;212;"104";NA;72.443991737091;"No specified Location";FALSE
541;"8";NA;212;"104";NA;7.68630968004618;"No specified Location";FALSE
548;"8";NA;212;"104";NA;28.253131098114;"No specified Location";FALSE
334;"101";NA;145;"104";NA;2576.96475748642;"No specified Location";FALSE
335;"105";NA;145;"104";NA;5.95117580974329;"No specified Location";FALSE
345;"105";NA;145;"104";NA;2.1587898331245;"No specified Location";FALSE
340;"104";NA;145;"104";NA;525.510747394961;"No specified Location";TRUE
348;"6";0.606915425271926;145;"104";NA;516.748113687616;"No specified Location";FALSE
316;"101";NA;145;"104";NA;60.1869580120256;"No specified Location";FALSE
337;"104";NA;145;"104";NA;53.2528514189617;"No specified Location";TRUE
324;"105";NA;145;"104";NA;0.535833921087033;"No specified Location";FALSE
286;"102";NA;145;"104";NA;2560.25552842513;"No specified Location";FALSE
